100,NEM12,202205191110,ENERGEXM,,,,,,,,,,,,,,,,,,,,,,,,,,,,,,,,,,,,,,,,,,,,,,,,,,,,,,,,,,,,,,,,,,,,,,,,,,,,,,,,,,,,,,,,,,,,,,,,,,
200,4567890,B1E1,B1,B1,,LG04567890,kWh,15,,,,,,,,,,,,,,,,,,,,,,,,,,,,,,,,,,,,,,,,,,,,,,,,,,,,,,,,,,,,,,,,,,,,,,,,,,,,,,,,,,,,,,,,,,,,,
300,20220322,0,0,0,0,0,0,0,0,0,0,0,0,0,0,0,0,0,0,0,0,0,0,0,0,0,0.015,0.062,0.2,0.329,0.16,0.649,0.577,0.746,0.98,0.674,0.765,1.22,1.251,1.246,1.249,1.246,1.248,1.193,0.632,1.22,0.932,0.527,0.533,0.469,1.246,1.247,0.236,0.514,0.373,0.56,0.747,1.136,0.976,1.229,1.246,1.223,1.135,0.97,0.776,0.267,0.299,0.078,0.227,0.134,0.014,0.003,0,0,0,0,0,0,0,0,0,0,0,0,0,0,0,0,0,0,0,0,0,0,0,0,0,A,,,20220325140206
300,20220323,0,0,0,0,0,0,0,0,0,0,0,0,0,0,0,0,0,0,0,0,0,0,0,0,0.011,0.037,0.063,0.218,0.114,0.568,0.196,0.564,0.926,1.075,1.19,1.17,1.225,1.194,1.114,1.129,1.237,0.696,1.247,1.246,1.246,1.241,1.236,1.245,1.234,1.217,1.244,1.119,0.645,0.958,0.828,1.185,1.243,1.244,1.201,0.899,0.696,0.668,0.744,0.718,0.529,0.38,0.089,0.237,0.128,0.047,0.012,0,0,0,0,0,0,0,0,0,0,0,0,0,0,0,0,0,0,0,0,0,0,0,0,0,A,,,20220325140206
300,20220324,0,0,0,0,0,0,0,0,0,0,0,0,0,0,0,0,0,0,0,0,0,0,0,0,0,0.046,0.064,0.026,0.083,0.414,0.048,0.544,0.799,0.542,0.783,0.91,0.468,0.374,0.3,0.632,0.911,0.724,0.57,1.155,1.065,0.977,1.243,1.222,1.236,1.202,1.231,0.927,0.808,1.226,1.178,1.111,1.189,1.136,1.071,0.932,0.823,0.432,0.093,0.012,0,0,0,0,0.072,0.01,0,0,0,0,0,0,0,0,0,0,0,0,0,0,0,0,0,0,0,0,0,0,0,0,0,0,A,,,20220325140206
300,20220325,0,0,0,0,0,0,0,0,0,0,0,0,0,0,0,0,0,0,0,0,0,0,0,0,0,0.006,0,0.189,0.317,0.468,0.613,0.802,0.573,0.702,1.205,1.216,1.108,1.226,0.817,0.873,1.079,0.426,0.115,0.279,0.633,1.101,0.424,0.11,0.308,1.022,1.234,0.643,0.279,1.146,1.082,0.896,0.76,0.414,0.419,0.459,0.304,0.171,0.018,0,0.156,0.018,0,0,0,0,0,0,0,0,0,0,0,0,0,0,0,0,0,0,0,0,0,0,0,0,0,0,0,0,0,0,A,,,20220326190348
300,20220326,0,0,0,0,0,0,0,0,0,0,0,0,0,0,0,0,0,0,0,0,0,0,0,0,0.001,0.029,0.05,0.229,0.228,0.452,0.441,0.485,1.064,1.086,0.706,1.232,0.886,1.199,1.197,1.037,0.87,0.752,0.938,1.222,0.978,0.673,0.514,0.611,1.054,0.814,0.176,0.448,0.239,0.2,0.176,0.13,0.309,0.284,0.283,0.276,0,0,0,0.187,0,0,0,0.005,0.017,0,0,0,0,0,0,0,0,0,0,0,0,0,0,0,0,0,0,0,0,0,0,0,0,0,0,0,A,,,20220327140150
300,20220327,0,0,0,0,0,0,0,0,0,0,0,0,0,0,0,0,0,0,0,0,0,0,0,0,0.005,0.017,0.07,0.097,0.124,0.186,0.413,0.664,0.68,0.762,0.721,1.07,1.047,1.178,1.25,0.83,0.732,0.69,0.409,0.102,0.42,1.067,0.68,0.962,1.238,1.243,1.226,1.037,0.832,0.508,0.488,0.129,0.608,0.637,0.292,0.648,0.369,0.218,0.278,0.302,0.267,0.195,0.124,0.053,0.006,0,0,0,0,0,0,0,0,0,0,0,0,0,0,0,0,0,0,0,0,0,0,0,0,0,0,0,A,,,20220401053800
300,20220328,0,0,0,0,0,0,0,0,0,0,0,0,0,0,0,0,0,0,0,0,0,0,0,0,0,0,0,0,0,0,0.002,0.004,0.023,0,0,0,0,0,0,0,0.001,0,0,0,0,0,0.01,0.021,0,0,0,0,0,0,0,0,0.02,0,0.016,0.025,0,0.001,0,0,0,0,0,0,0,0,0,0,0,0,0,0,0,0,0,0,0,0,0,0,0,0,0,0,0,0,0,0,0,0,0,0,A,,,20220329063043
300,20220329,0,0,0,0,0,0,0,0,0,0,0,0,0,0,0,0,0,0,0,0,0,0,0,0,0,0,0,0,0,0.016,0.069,0.084,0.009,0.058,0.026,0.003,0.004,0.058,0.127,0.476,0.102,0.128,0.16,0.233,0.029,0.062,0.005,0.061,0.018,0.115,0.052,0.502,0.93,0.91,0.354,0.062,0.458,0.68,0.151,0.069,0.121,0.208,0.21,0.115,0.131,0.117,0.074,0.036,0.019,0.008,0,0,0,0,0,0,0,0,0,0,0,0,0,0,0,0,0,0,0,0,0,0,0,0,0,0,A,,,20220330085401
300,20220330,0,0,0,0,0,0,0,0,0,0,0,0,0,0,0,0,0,0,0,0,0,0,0,0,0,0,0,0,0,0,0.003,0,0.017,0.144,0.16,0.186,0.718,0.275,0.237,0.31,0.377,0.275,0.062,0.704,0.649,0.686,0.238,0.507,0.722,0.519,0.716,0.872,0.849,0.704,0.675,0.628,0.204,0.127,0.271,0.506,0.194,0.339,0.109,0.13,0.144,0.107,0.074,0.003,0.002,0,0,0,0,0,0,0,0,0,0,0,0,0,0,0,0,0,0,0,0,0,0,0,0,0,0,0,A,,,20220331070900
300,20220331,0,0,0,0,0,0,0,0,0,0,0,0,0,0,0,0,0,0,0,0,0,0,0,0,0,0,0.026,0.017,0.162,0.228,0,0.09,0.471,0.524,0.645,0.401,0.467,0.385,0.395,0.1,0.068,0.621,0.621,0.307,0.072,0.161,0.116,0.002,0.122,0,0.051,0.153,0.058,0,0,0,0.045,0.116,0.06,0.055,0.099,0.35,0.329,0.016,0.199,0.092,0.078,0.006,0,0,0,0,0,0,0,0,0,0,0,0,0,0,0,0,0,0,0,0,0,0,0,0,0,0,0,0,A,,,20220401074016
300,20220401,0,0,0,0,0,0,0,0,0,0,0,0,0,0,0,0,0,0,0,0,0,0,0,0,0,0.001,0,0.056,0.136,0.261,0.332,0.389,0.183,0.593,0.655,0.737,0.832,0.869,0.649,0.784,0.587,0.672,0.287,0.417,0.813,0.823,0.83,0.805,0.785,0.707,0.703,0.548,0.475,0.709,0.527,0.039,0.355,0.342,0.086,0.202,0.548,0.493,0.383,0.307,0.192,0.098,0.008,0,0,0,0,0,0,0,0,0,0,0,0,0,0,0,0,0,0,0,0,0,0,0,0,0,0,0,0,0,A,,,20220402091729
300,20220402,0,0,0,0,0,0,0,0,0,0,0,0,0,0,0,0,0,0,0,0,0,0,0,0,0,0,0.013,0.045,0.086,0.058,0.115,0.454,0.485,0.096,0.624,0.64,0.153,0.424,0.9,0.744,0.496,0.778,0.343,0.784,0.798,0.277,0.113,0.035,0.097,0.314,0.065,0.249,0.36,0.14,0.657,0.284,0.061,0.1,0,0.025,0.054,0.326,0.294,0.336,0.223,0.103,0.038,0,0,0,0,0,0,0,0,0,0,0,0,0,0,0,0,0,0,0,0,0,0,0,0,0,0,0,0,0,A,,,20220405054658
300,20220403,0,0,0,0,0,0,0,0,0,0,0,0,0,0,0,0,0,0,0,0,0,0,0,0,0,0,0.002,0.009,0.035,0.155,0.22,0.333,0.5,0.361,0,0.333,0.487,0.473,0.54,0.857,0.284,0.558,0.675,0.629,0.816,0.95,0.987,0.986,0.837,0.977,0.946,0.947,0.922,0.842,0.848,0.209,0,0,0,0,0,0,0,0,0,0,0,0,0,0,0,0,0,0,0,0,0,0,0,0,0,0,0,0,0,0,0,0,0,0,0,0,0,0,0,0,A,,,20220404140604
300,20220404,0,0,0,0,0,0,0,0,0,0,0,0,0,0,0,0,0,0,0,0,0,0,0,0,0,0,0.006,0,0.037,0.034,0.155,0.114,0,0.033,0.157,0.207,0.372,0.299,0.412,0.328,0.232,0.604,0.312,0.319,0.276,0.291,0.726,0.275,0.475,0.224,0.193,0.053,0.292,0.025,0.128,0.082,0.25,0.134,0.199,0.465,0.361,0.234,0.02,0,0,0,0,0,0,0,0,0,0,0,0,0,0,0,0,0,0,0,0,0,0,0,0,0,0,0,0,0,0,0,0,0,A,,,20220405140332
300,20220405,0,0,0,0,0,0,0,0,0,0,0,0,0,0,0,0,0,0,0,0,0,0,0,0,0,0,0.003,0.067,0.15,0.05,0.043,0.262,0.277,0.163,0.64,0.507,0.646,0.746,0.732,0.804,0.643,0.317,0.552,0.618,0.683,0.503,0.439,0.373,0.249,0.206,0.183,0.203,0,0,0,0,0,0,0,0,0.009,0,0,0,0,0,0,0,0,0,0,0,0,0,0,0,0,0,0,0,0,0,0,0,0,0,0,0,0,0,0,0,0,0,0,0,A,,,20220406140333
300,20220406,0,0,0,0,0,0,0,0,0,0,0,0,0,0,0,0,0,0,0,0,0,0,0,0,0,0.017,0.043,0.071,0.105,0.249,0.099,0.083,0.27,0.086,0.293,0.612,0.42,0.272,0.053,0.655,0.749,0.385,0.53,0.153,0.014,0.344,0.516,0.566,0.536,0.225,0.322,0.203,0.096,0.201,0.087,0.023,0.461,0.472,0.484,0.517,0.345,0.36,0.138,0.151,0.047,0.075,0.002,0,0,0,0,0,0,0,0,0,0,0,0,0,0,0,0,0,0,0,0,0,0,0,0,0,0,0,0,0,A,,,20220407141158
300,20220407,0,0,0,0,0,0,0,0,0,0,0,0,0,0,0,0,0,0,0,0,0,0,0,0,0,0.001,0.056,0.017,0.081,0.205,0.056,0.096,0.269,0.51,0,0.135,0.808,0.602,0.758,0.801,0.608,0.413,0.611,0.379,0.214,0.21,0.611,0.676,0.739,0.513,0.57,0.264,0.282,0.087,0.387,0.232,0.3,0.549,0.445,0.413,0.352,0.26,0.169,0.114,0.105,0.031,0,0,0,0,0,0,0,0,0,0,0,0,0,0,0,0,0,0,0,0,0,0,0,0,0,0,0,0,0,0,A,,,20220408062715
300,20220408,0,0,0,0,0,0,0,0,0,0,0,0,0,0,0,0,0,0,0,0,0,0,0,0,0,0,0.009,0.058,0.081,0.116,0.238,0.396,0.244,0.261,0.598,0.351,0.051,0.673,0.443,0.875,0.585,0.858,0.711,0.794,0.743,0.313,0.309,0.818,0.911,0.555,0.132,0.003,0,0,0.138,0.179,0.404,0.839,0.973,0.392,0.708,0.552,0.782,0.492,0.37,0.214,0.204,0.129,0.023,0.002,0,0,0,0,0,0,0,0,0,0,0,0,0,0,0,0,0,0,0,0,0,0,0,0,0,0,A,,,20220409082138
300,20220409,0,0,0,0,0,0,0,0,0,0,0,0,0,0,0,0,0,0,0,0,0,0,0,0,0,0.013,0.096,0.099,0.105,0.18,0.2,0.263,0.218,0.414,0.079,0.229,0.336,0.39,1.156,0.222,1.045,1.018,0.764,0.782,0.958,0.866,0.748,1.033,1.218,0.746,1.163,1.233,0.889,1.136,0.885,0.945,0.406,0.596,0.849,0.495,0.393,0.469,0.191,0.179,0.154,0.142,0.078,0.032,0.024,0.001,0,0,0,0,0,0,0,0,0,0,0,0,0,0,0,0,0,0,0,0,0,0,0,0,0,0,A,,,20220410072246
300,20220410,0,0,0,0,0,0,0,0,0,0,0,0,0,0,0,0,0,0,0,0,0,0,0,0,0,0.018,0.061,0.213,0.214,0.526,0.669,0.817,0.968,0.502,1.197,1.025,1.128,1.25,1.232,1.162,1.223,1.217,1.133,1.238,1.006,1.233,1.188,0.57,1.202,1.093,1.188,1.161,1.1,1.008,0.632,0.001,0.295,0.212,0.319,0.373,0.214,0.138,0.346,0.224,0.073,0,0,0,0.011,0.002,0,0,0,0,0,0,0,0,0,0,0,0,0,0,0,0,0,0,0,0,0,0,0,0,0,0,A,,,20220411150145
300,20220411,0,0,0,0,0,0,0,0,0,0,0,0,0,0,0,0,0,0,0,0,0,0,0,0,0,0.012,0.047,0.148,0.309,0.412,0.318,0.046,0.859,0.995,1.088,1.206,1.23,1.247,1.242,0.953,1.249,1.248,1.236,1.247,0.885,1.116,0.844,0.49,0.914,0.698,0.756,0.702,0.542,1.114,1.177,1.214,0.921,0.538,0.409,0.364,0.266,0.076,0.704,0.234,0.011,0,0,0,0.001,0,0,0,0,0,0,0,0,0,0,0,0,0,0,0,0,0,0,0,0,0,0,0,0,0,0,0,A,,,20220412083011
300,20220412,0,0,0,0,0,0,0,0,0,0,0,0,0,0,0,0,0,0,0,0,0,0,0,0,0,0.013,0.053,0.179,0.179,0.219,0.329,0.526,0.704,0.386,0.792,1.151,1.224,1.209,1.249,1.25,1.239,0.953,0.556,0.988,1.194,0.804,0.316,0.661,0.888,0.67,0.471,0.741,0.932,0.918,0.401,0.246,0.041,0.05,0,0.925,1.092,0.667,0.455,0.367,0.061,0,0,0,0,0,0,0,0,0,0,0,0,0,0,0,0,0,0,0,0,0,0,0,0,0,0,0,0,0,0,0,A,,,20220413092122
300,20220413,0,0,0,0,0,0,0,0,0,0,0,0,0,0,0,0,0,0,0,0,0,0,0,0,0,0.002,0.038,0.088,0.134,0.207,0.325,0.188,0.576,0.938,1.028,1.159,1.231,1.244,0.982,0.866,0.364,0.773,0.81,0.14,0.426,0.491,1.099,0.406,0.572,0.661,0.644,0.65,0.274,1.128,1.249,0.328,0.304,0.551,0.461,0.241,0.219,0.186,0.034,0.028,0.039,0.016,0,0,0,0,0,0,0,0,0,0,0,0,0,0,0,0,0,0,0,0,0,0,0,0,0,0,0,0,0,0,A,,,20220414072653
300,20220414,0,0,0,0,0,0,0,0,0,0,0,0,0,0,0,0,0,0,0,0,0,0,0,0,0,0,0.026,0.118,0.169,0.224,0.224,0.555,0.677,0.345,1.067,1.196,1.233,1.246,1.251,1.25,1.236,1.071,0.714,0.366,0.605,0.791,0.626,1.116,0.888,1.102,0.911,0.902,1.008,0.823,0.97,1.191,1.126,0.366,0.881,0.958,0.881,0.612,0.763,0.39,0.158,0.339,0.231,0.15,0.009,0,0,0,0,0,0,0,0,0,0,0,0,0,0,0,0,0,0,0,0,0,0,0,0,0,0,0,A,,,20220415075947
300,20220415,0,0,0,0,0,0,0,0,0,0,0,0,0,0,0,0,0,0,0,0,0,0,0,0,0,0.002,0,0.1,0.097,0.13,0.166,0.08,0.763,0.927,0.526,0.619,0.913,1.239,1.235,1.173,1.066,1.075,0.88,1.17,1.103,0.783,0.686,0.76,1.155,0.978,1.241,0.995,1.244,0.379,0.207,0.478,0.293,0.103,0.591,0.637,0.976,0.636,0.735,0.302,0.283,0.088,0.024,0.046,0,0,0,0,0,0,0,0,0,0,0,0,0,0,0,0,0,0,0,0,0,0,0,0,0,0,0,0,A,,,20220416080748
300,20220416,0,0,0,0,0,0,0,0,0,0,0,0,0,0,0,0,0,0,0,0,0,0,0,0,0,0,0.005,0,0.062,0.141,0.062,0.352,0.185,0.363,0.07,0.359,1.136,1.092,1.252,1.055,0.968,1.237,1.149,1.125,1.14,0.754,1.069,1.11,0.829,0.624,1.108,0.728,0.648,0.329,0.737,0.963,0.536,0.659,0.899,1.079,0.299,0.562,0.202,0.429,0.249,0.015,0.045,0.041,0,0,0,0,0,0,0,0,0,0,0,0,0,0,0,0,0,0,0,0,0,0,0,0,0,0,0,0,A,,,20220417071217
300,20220417,0,0,0,0,0,0,0,0,0,0,0,0,0,0,0,0,0,0,0,0,0,0,0,0,0,0.001,0.048,0.042,0,0.155,0.134,0.373,0.275,0.024,0.677,0.882,1.176,0.919,0.303,0.907,1.056,1.079,1.044,0.849,1.032,0.55,1.202,0.29,0.097,0.115,0.239,0.698,0.082,1.032,0.716,0.344,0.887,0.739,0.85,0.015,0.066,0.067,0,0.036,0.191,0.185,0.016,0.026,0,0,0,0,0,0,0,0,0,0,0,0,0,0,0,0,0,0,0,0,0,0,0,0,0,0,0,0,A,,,20220418082208
300,20220418,0,0,0,0,0,0,0,0,0,0,0,0,0,0,0,0,0,0,0,0,0,0,0,0,0,0.006,0.003,0.062,0.026,0.167,0.307,0,0.089,0.36,0.774,0.669,0.91,0.921,0.462,0.608,0.806,1.046,0.972,1.013,1.102,0.293,0.31,1.011,1.235,1.054,0.43,0.231,0.736,0.842,0.289,0.323,0.673,0.427,0.05,0.633,0.809,0.289,0.114,0.33,0.481,0.084,0.004,0.003,0,0,0,0,0,0,0,0,0,0,0,0,0,0,0,0,0,0,0,0,0,0,0,0,0,0,0,0,A,,,20220419170229
300,20220419,0,0,0,0,0,0,0,0,0,0,0,0,0,0,0,0,0,0,0,0,0,0,0,0,0,0,0.002,0.073,0.323,0.468,0.187,0.325,0.658,0.883,0.903,0.542,0.735,1.114,1.132,0.68,0.882,1.126,1.159,0.296,0.814,1.238,1.138,1.128,0.736,1.142,0.489,1,0.351,0.807,0.884,0.942,0.607,0.505,0.768,0.867,0.791,0.496,0.527,0.365,0,0,0,0,0,0,0,0,0,0,0,0,0,0,0,0,0,0,0,0,0,0,0,0,0,0,0,0,0,0,0,0,A,,,20220420140206
300,20220420,0,0,0,0,0,0,0,0,0,0,0,0,0,0,0,0,0,0,0,0,0,0,0,0,0,0,0.008,0.102,0.093,0.34,0.538,0.636,0.25,0.852,0.915,1.08,1.195,1.234,1.248,1.248,1.208,0.896,1.182,0.923,1.153,1.154,1.234,1.245,1.243,1.24,1.244,1.243,1.236,1.062,1.176,1,1.044,1.045,0.831,0.733,0.239,0.264,0.122,0.166,0.002,0,0,0,0,0,0,0,0,0,0,0,0,0,0,0,0,0,0,0,0,0,0,0,0,0,0,0,0,0,0,0,A,,,20220421100205
300,20220421,0,0,0,0,0,0,0,0,0,0,0,0,0,0,0,0,0,0,0,0,0,0,0,0,0,0,0.027,0.135,0.243,0.049,0.342,0.545,0.533,0.4,0.394,0.891,0.656,0.66,0.962,0.932,0.931,0.812,1.134,1.236,0.861,0.305,0.368,0.21,1.118,0.385,0.059,1.119,0.153,0.714,0.725,1.082,0.128,0.486,0.759,0.816,0.541,0.458,0.423,0.033,0.207,0.004,0.012,0,0,0,0,0,0,0,0,0,0,0,0,0,0,0,0,0,0,0,0,0,0,0,0,0,0,0,0,0,A,,,20220422150517
200,4567890,B1E1,B1,B1,B1,LG04567890,kWh,15,,,,,,,,,,,,,,,,,,,,,,,,,,,,,,,,,,,,,,,,,,,,,,,,,,,,,,,,,,,,,,,,,,,,,,,,,,,,,,,,,,,,,,,,,,,,,
300,20220422,0,0,0,0,0,0,0,0,0,0,0,0,0,0,0,0,0,0,0,0,0,0,0,0,0,0,0,0.007,0.07,0.087,0.068,0.176,0.013,0.065,0.087,0.297,0.299,0.392,1.056,1.139,1.052,0.547,0.567,0.647,1.023,1.19,1.236,1.157,0.994,1.196,1.234,1.168,0.782,0.808,0.484,0.718,1.077,0.96,1.028,0.938,0.864,0.51,0.181,0.313,0.168,0.033,0.006,0,0,0,0,0,0,0,0,0,0,0,0,0,0,0,0,0,0,0,0,0,0,0,0,0,0,0,0,0,A,,,20220423140231
300,20220423,0,0,0,0,0,0,0,0,0,0,0,0,0,0,0,0,0,0,0,0,0,0,0,0,0,0.001,0.007,0.085,0.198,0.338,0.041,0.239,0.707,0.389,0.237,0.661,0.873,0.968,0.671,0.473,1.182,1.222,0.818,0.225,0.632,1.037,1.136,0.655,0.325,0.952,0.617,0.237,0.724,0.612,0.885,0.637,0.561,1.24,0.791,0.072,0.287,0.085,0,0,0.204,0.093,0.03,0,0,0,0,0,0,0,0,0,0,0,0,0,0,0,0,0,0,0,0,0,0,0,0,0,0,0,0,0,A,,,20220424082525
300,20220424,0,0,0,0,0,0,0,0,0,0,0,0,0,0,0,0,0,0,0,0,0,0,0,0,0,0.003,0.009,0.152,0.312,0.395,0.153,0.054,0.209,0.428,0.312,0.081,0.926,0.88,0.857,0.605,0.319,0.446,0.838,1.106,0.944,0.546,1.029,1.113,0.844,0.46,0.806,0.953,1.079,1.061,0.874,0.683,0.807,0.245,0.322,0.113,0.624,0.139,0.303,0.506,0.283,0.243,0.088,0.082,0.002,0,0,0,0,0,0,0,0,0,0,0,0,0,0,0,0,0,0,0,0,0,0,0,0,0,0,0,A,,,20220425071436
300,20220425,0,0,0,0,0,0,0,0,0,0,0,0,0,0,0,0,0,0,0,0,0,0,0,0,0,0,0,0.018,0.012,0.256,0.094,0.192,0.233,0.269,0.654,0.437,0.566,1.04,0.857,0.381,0.494,0.198,0.033,0.323,0.423,0.366,0.01,0.217,0.596,0.407,0.403,0.283,0.44,0.137,0.651,0.319,0.397,0.422,0.741,0.626,0.583,0.454,0.408,0.275,0.026,0.077,0,0,0,0,0,0,0,0,0,0,0,0,0,0,0,0,0,0,0,0,0,0,0,0,0,0,0,0,0,0,A,,,20220506150124
300,20220426,0,0,0,0,0,0,0,0,0,0,0,0,0,0,0,0,0,0,0,0,0,0,0,0,0,0,0.001,0.077,0.113,0.189,0.226,0.02,0.334,0.005,0.114,0.193,0.188,0.35,0.191,0.371,0.31,0.404,0.277,0.258,0.418,0.465,0.423,0.406,0.266,0.281,0.098,0.165,0.266,0.304,0.354,0.335,0.351,0.404,0.36,0.243,0.279,0.236,0.235,0.086,0.11,0.018,0,0,0,0,0,0,0,0,0,0,0,0,0,0,0,0,0,0,0,0,0,0,0,0,0,0,0,0,0,0,A,,,20220427150142
300,20220427,0,0,0,0,0,0,0,0,0,0,0,0,0,0,0,0,0,0,0,0,0,0,0,0,0,0,0.001,0.021,0.079,0.147,0.372,0.556,0.649,0.024,0.791,0.23,0.52,0.765,0.804,0.691,0.519,1.038,0.463,0.899,0.92,0.689,0.931,0.599,1.092,0.842,1.108,1.111,0.62,0.488,1.018,1.144,1.248,1.034,1.196,1.207,0.917,0.666,0.573,0.397,0.185,0.176,0.019,0,0,0,0,0,0,0,0,0,0,0,0,0,0,0,0,0,0,0,0,0,0,0,0,0,0,0,0,0,A,,,20220506150124
300,20220428,0,0,0,0,0,0,0,0,0,0,0,0,0,0,0,0,0,0,0,0,0,0,0,0,0,0,0.024,0.029,0.042,0.203,0.064,0.154,0.105,0.08,0.341,0.785,0.665,0.965,0.329,0.932,1.096,0.936,1.024,0.921,0.776,0.91,1.018,1.13,1.03,1.171,0.953,1.23,1.244,0.428,0.983,0.888,0.936,0.846,0.288,0.122,0,0.008,0.03,0.007,0.001,0,0,0,0,0,0,0,0,0,0,0,0,0,0,0,0,0,0,0,0,0,0,0,0,0,0,0,0,0,0,0,A,,,20220430043434
300,20220429,0,0,0,0,0,0,0,0,0,0,0,0,0,0,0,0,0,0,0,0,0,0,0,0,0,0,0.028,0.058,0.081,0.21,0.247,0.32,0.591,0.222,0.501,0.874,1.154,0.699,0.885,0.968,1.065,0.791,0.2,0.404,1.157,0.6,1.238,0.901,0.775,0.981,1.111,1.021,0.527,0.87,0.894,0.82,0.918,0.412,0.521,0.788,0.731,0.214,0.258,0.094,0,0.013,0.008,0,0,0,0,0,0,0,0,0,0,0,0,0,0,0,0,0,0,0,0,0,0,0,0,0,0,0,0,0,A,,,20220508140317
300,20220430,0,0,0,0,0,0,0,0,0,0,0,0,0,0,0,0,0,0,0,0,0,0,0,0,0,0,0,0.027,0.13,0.236,0.38,0.366,0.395,0.547,0.776,1.094,0.642,1.235,0.991,1.1,0.729,0.659,0.755,1.097,1.181,1.127,1.244,1.108,1.145,1.17,1.223,1.248,1.246,1.006,1.171,0.941,0.916,1.02,0.957,0.787,0.719,0.372,0.337,0.466,0.357,0.192,0.111,0.049,0.005,0,0,0,0,0,0,0,0,0,0,0,0,0,0,0,0,0,0,0,0,0,0,0,0,0,0,0,A,,,20220501164600
300,20220501,0,0,0,0,0,0,0,0,0,0,0,0,0,0,0,0,0,0,0,0,0,0,0,0,0,0,0,0.062,0.048,0.142,0.247,0.312,0.363,0.34,0.063,0.343,0.584,0.814,0.906,0.887,0.559,0.884,0.704,0.706,0.563,0.589,0.771,0.784,0.625,0.753,0.723,0.692,0.444,0.175,0.139,0.236,0.434,0.439,0.372,0.371,0.283,0.216,0.255,0.247,0.118,0.238,0.119,0.001,0,0,0,0,0,0,0,0,0,0,0,0,0,0,0,0,0,0,0,0,0,0,0,0,0,0,0,0,A,,,20220502082017
300,20220502,0,0,0,0,0,0,0,0,0,0,0,0,0,0,0,0,0,0,0,0,0,0,0,0,0,0.001,0.026,0.071,0.216,0.343,0.473,0.577,0.716,0.789,0.251,0.652,0.715,1.23,1.209,1.188,1.144,1.168,1.25,0.63,1.189,1.115,1.214,1.248,0.783,0.985,0.614,0.777,0.472,0.477,0.335,0.255,0.333,1.163,1.093,0.877,0.343,0.381,0.249,0.192,0.025,0.023,0.011,0,0,0,0,0,0,0,0,0,0,0,0,0,0,0,0,0,0,0,0,0,0,0,0,0,0,0,0,0,A,,,20220503072913
300,20220503,0,0,0,0,0,0,0,0,0,0,0,0,0,0,0,0,0,0,0,0,0,0,0,0,0,0,0,0.005,0.159,0.087,0,0.377,0.485,0.204,0.505,0.959,0.722,0.803,0.887,1.221,1.239,1.168,1.016,0.369,1.055,1.153,1.168,0.698,0.794,0.831,0.141,0.758,0.367,0.01,0.249,1.247,0.371,0.42,0.691,0.284,0.397,0.379,0.549,0.478,0.159,0.109,0.001,0,0,0,0,0,0,0,0,0,0,0,0,0,0,0,0,0,0,0,0,0,0,0,0,0,0,0,0,0,A,,,20220504082629
300,20220504,0,0,0,0,0,0,0,0,0,0,0,0,0,0,0,0,0,0,0,0,0,0,0,0,0,0,0,0.013,0.117,0.212,0.452,0.005,0.184,0.803,0.67,0.763,1.136,0.88,0.625,0.745,0.584,0.932,0.9,1.15,0.609,0.576,0.765,1.235,1.194,0.795,0.282,0.466,0.471,0.417,0.048,0.002,0.293,0.809,0.459,0.811,1.011,0.703,0.524,0.406,0.241,0.147,0.053,0,0,0,0,0,0,0,0,0,0,0,0,0,0,0,0,0,0,0,0,0,0,0,0,0,0,0,0,0,A,,,20220505140134
300,20220505,0,0,0,0,0,0,0,0,0,0,0,0,0,0,0,0,0,0,0,0,0,0,0,0,0,0,0.008,0.031,0,0.086,0.259,0.295,0.293,0.089,0.594,0.869,0.86,0.563,0.643,0.722,0.87,0.746,0.402,0.801,1.153,0.758,0.35,1.042,0.884,0.468,0.181,1.145,1.136,1.121,0.521,0.683,0.777,1.068,0.831,0.576,0.361,0.211,0.15,0.025,0.079,0.057,0.007,0.007,0,0,0,0,0,0,0,0,0,0,0,0,0,0,0,0,0,0,0,0,0,0,0,0,0,0,0,0,A,,,20220508140317
300,20220506,0,0,0,0,0,0,0,0,0,0,0,0,0,0,0,0,0,0,0,0,0,0,0,0,0,0,0.005,0,0.038,0.086,0.039,0.003,0.06,0.021,0.161,0.361,0.349,0.54,0.649,0.845,0.973,0.659,0.814,0.564,0.951,1.084,1.116,0.561,1.003,0.965,1.121,0.925,1.212,0.77,0.182,1.027,1.036,1.225,0.662,0.453,0.619,0.271,0.034,0.009,0.046,0.061,0.002,0,0,0,0,0,0,0,0,0,0,0,0,0,0,0,0,0,0,0,0,0,0,0,0,0,0,0,0,0,A,,,20220508042635
300,20220507,0,0,0,0,0,0,0,0,0,0,0,0,0,0,0,0,0,0,0,0,0,0,0,0,0,0,0.006,0.043,0.027,0.186,0.399,0.147,0.176,0.177,0.556,0.87,0.787,0.073,0.551,0.655,0.484,0.443,0.723,0.705,1.001,1.049,0.913,1.013,1.108,0.932,1.204,0.801,0.441,0.419,0.215,0.124,0.078,0.167,0.075,0.037,0.01,0.069,0.012,0,0,0,0,0,0,0,0,0,0,0,0,0,0,0,0,0,0,0,0,0,0,0,0,0,0,0,0,0,0,0,0,0,A,,,20220508090133
300,20220508,0,0,0,0,0,0,0,0,0,0,0,0,0,0,0,0,0,0,0,0,0,0,0,0,0,0,0,0.008,0.273,0.25,0.146,0.094,0.325,0.106,0.291,0.338,0.389,0.317,0.592,0.283,0.023,0.001,0.04,0.341,0.42,0.408,0.896,0.558,0.368,0.951,0.481,0.545,0.432,0.104,0.277,0.425,0.553,0.704,0.721,0.764,0.381,0.396,0.159,0.133,0.051,0.034,0.062,0.007,0,0,0,0,0,0,0,0,0,0,0,0,0,0,0,0,0,0,0,0,0,0,0,0,0,0,0,0,A,,,20220509121923
300,20220509,0,0,0,0,0,0,0,0,0,0,0,0,0,0,0,0,0,0,0,0,0,0,0,0,0,0,0,0,0,0.001,0.073,0.151,0.089,0.087,0.03,0,0,0,0.007,0.015,0.015,0,0,0,0,0.017,0.081,0.215,0.194,0.4,0.157,0.055,0.067,0.045,0.046,0,0.07,0.123,0.111,0.058,0.076,0.079,0.107,0.149,0.113,0.032,0,0,0,0,0,0,0,0,0,0,0,0,0,0,0,0,0,0,0,0,0,0,0,0,0,0,0,0,0,0,A,,,20220510140310
300,20220510,0,0,0,0,0,0,0,0,0,0,0,0,0,0,0,0,0,0,0,0,0,0,0,0,0,0,0,0,0.001,0.029,0.069,0,0.119,0.166,0.087,0.142,0.385,0.433,0.132,0.362,0.597,0.894,0.683,0.54,0.44,0.532,0.464,0.244,0.508,0.907,0.386,0.489,0.386,0.241,0.15,0.12,0.27,0.266,0.326,0.257,0.205,0.196,0.1,0.046,0.025,0.001,0,0,0,0,0,0,0,0,0,0,0,0,0,0,0,0,0,0,0,0,0,0,0,0,0,0,0,0,0,0,A,,,20220511105440
300,20220511,0,0,0,0,0,0,0,0,0,0,0,0,0,0,0,0,0,0,0,0,0,0,0,0,0,0,0,0,0.002,0.033,0.072,0,0.01,0.001,0,0,0.037,0.054,0.315,0.215,0.033,0.04,0,0.181,0.141,0.136,0.229,0.057,0.009,0.007,0.04,0.029,0.021,0.018,0.02,0,0.049,0.024,0.011,0.062,0.052,0.054,0.031,0.005,0,0,0,0,0,0,0,0,0,0,0,0,0,0,0,0,0,0,0,0,0,0,0,0,0,0,0,0,0,0,0,0,A,,,20220512150216
300,20220512,0,0,0,0,0,0,0,0,0,0,0,0,0,0,0,0,0,0,0,0,0,0,0,0,0,0,0,0,0.002,0.003,0.042,0.059,0.122,0.229,0.204,0.091,0.122,0.115,0.176,0.439,0.499,0.375,0.066,0.117,0,0.001,0.015,0.001,0.022,0.263,0.34,0.012,0.237,0.409,0.329,0.049,0.106,0.238,0.23,0.644,0.199,0.067,0.089,0.013,0.009,0.011,0,0,0,0,0,0,0,0,0,0,0,0,0,0,0,0,0,0,0,0,0,0,0,0,0,0,0,0,0,0,A,,,20220513150939
300,20220513,0,0,0,0,0,0,0,0,0,0,0,0,0,0,0,0,0,0,0,0,0,0,0,0,0,0,0,0,0,0,0,0.001,0.04,0.064,0.021,0,0.059,0.145,0,0.151,0.075,0.094,0.212,0.314,0.197,0.031,0.111,0.198,0.242,0.175,0.006,0.018,0,0.078,0,0.013,0.345,0.242,0.285,0.21,0.11,0.27,0.251,0.147,0.003,0,0,0,0,0,0,0,0,0,0,0,0,0,0,0,0,0,0,0,0,0,0,0,0,0,0,0,0,0,0,0,A,,,20220514075426
300,20220514,0,0,0,0,0,0,0,0,0,0,0,0,0,0,0,0,0,0,0,0,0,0,0,0,0,0,0,0,0.007,0.05,0.127,0.16,0.048,0.23,0.263,0.311,0.138,0.229,0.615,0.433,0.442,0.487,0.327,0.432,0.444,0.07,0.212,0.147,0.221,0.187,0.224,0.153,0.229,0.179,0.114,0.076,0.219,0.164,0.229,0.106,0.017,0.103,0.046,0.032,0.033,0.008,0,0,0,0,0,0,0,0,0,0,0,0,0,0,0,0,0,0,0,0,0,0,0,0,0,0,0,0,0,0,A,,,20220515101228
300,20220515,0,0,0,0,0,0,0,0,0,0,0,0,0,0,0,0,0,0,0,0,0,0,0,0,0,0,0,0,0.012,0.02,0.095,0.186,0.088,0.135,0.269,0.121,0.299,0.746,0.635,0.604,0.555,1.207,1.105,0.657,0.205,0.673,0.619,0.875,1.035,0.944,0.056,0.031,0.208,0.15,0.16,0.063,0.045,0.446,0.671,0.85,0.172,0.009,0,0,0.004,0,0,0,0,0,0,0,0,0,0,0,0,0,0,0,0,0,0,0,0,0,0,0,0,0,0,0,0,0,0,0,A,,,20220516080949
300,20220516,0,0,0,0,0,0,0,0,0,0,0,0,0,0,0,0,0,0,0,0,0,0,0,0,0,0,0,0,0.002,0,0.051,0.318,0.473,0.177,0.001,0.554,0.618,0.535,0.826,0.561,0.352,0.314,0.347,0.401,0.496,0.656,0.246,0.109,0,0.016,0.366,0.541,0.161,0.39,0.163,0.344,0.098,0,0,0,0,0,0.435,0.266,0.029,0.009,0.008,0,0,0,0,0,0,0,0,0,0,0,0,0,0,0,0,0,0,0,0,0,0,0,0,0,0,0,0,0,A,,,20220517140354
300,20220517,0,0,0,0,0,0,0,0,0,0,0,0,0,0,0,0,0,0,0,0,0,0,0,0,0,0,0,0.013,0.015,0.093,0.279,0.008,0.099,0.014,0.055,0.065,0.02,0.07,0.175,0.301,0.78,0.875,1.07,0.934,0.546,0.346,0.648,0.307,0.529,0.761,1.185,0.872,0.815,0.377,0.004,0,0.145,0.05,0.032,0.032,0.039,0.072,0.033,0.04,0.036,0.037,0.01,0,0,0,0,0,0,0,0,0,0,0,0,0,0,0,0,0,0,0,0,0,0,0,0,0,0,0,0,0,A,,,20220518071301
300,20220518,0,0,0,0,0,0,0,0,0,0,0,0,0,0,0,0,0,0,0,0,0,0,0,0,0,0,0,0,0,0,0,0.031,0.039,0.1,0.272,0.328,0.504,0.429,0.479,1.15,1.242,1.234,1.177,0.758,0.37,0.234,0.018,0.092,0.066,0.122,0.045,0.445,1.231,0.814,0.526,1.113,0.858,0.42,1.074,0.951,0.093,0,0.197,0.203,0.125,0.001,0,0,0,0,0,0,0,0,0,0,0,0,0,0,0,0,0,0,0,0,0,0,0,0,0,0,0,0,0,0,A,,,20220519091100
200,4567890,E1,E1,E1,,LG04567890,kWh,15,,,,,,,,,,,,,,,,,,,,,,,,,,,,,,,,,,,,,,,,,,,,,,,,,,,,,,,,,,,,,,,,,,,,,,,,,,,,,,,,,,,,,,,,,,,,,
300,20220207,0.434,0.672,0.274,0.293,0.368,0.497,0.348,0.362,0.327,0.298,0.296,0.274,0.293,0.28,0.281,0.051,0.039,0.05,0.032,0.048,0.035,0.042,0.046,0.648,0.115,0.088,0.824,0.038,0.037,0.069,0.083,0.654,0.308,0.185,0.191,0.207,0.192,0.209,0.198,0.207,0.206,0.199,0.301,0.198,0.208,0.656,0.213,0.243,0.341,0.292,0.299,0.467,0.457,0.468,0.469,0.467,0.474,0.458,0.547,0.457,0.308,0.222,0.211,0.462,0.444,0.335,0.3,0.271,0.805,0.273,0.275,0.277,0.271,0.306,0.311,0.316,0.563,1.103,0.478,0.214,0.321,0.515,0.337,0.195,0.389,0.323,0.866,0.099,0.069,0.058,0.055,0.054,0.032,0.049,0.39,0.481,A,,,20220208071350
300,20220208,0.295,0.275,0.286,0.286,0.273,0.29,0.275,0.285,0.288,0.275,0.296,0.274,0.286,0.283,0.276,0.06,0.031,0.33,0.316,0.04,0.047,0.029,0.053,0.054,0.087,0.285,0.741,0.036,0.044,0.419,0.079,0.365,0.923,0.086,0.087,0.489,0.12,0.115,0.045,0.06,0.055,0.048,0.06,0.154,0.585,0.868,0.545,0.481,0.508,1.126,0.65,0.644,0.576,0.605,0.618,0.593,0.578,0.568,0.576,0.526,0.626,0.569,0.56,0.775,0.748,0.772,0.938,0.918,0.944,0.259,0.271,0.269,0.298,0.433,0.333,0.815,0.381,0.318,0.4,0.078,0.286,0.638,0.298,0.19,0.538,0.938,0.594,0.086,0.061,0.071,0.043,0.049,0.036,0.049,0.449,0.368,A,,,20220209140637
300,20220209,0.273,0.286,0.272,0.285,0.277,0.286,0.28,0.28,0.285,0.269,0.293,0.271,0.287,0.281,0.289,0.054,0.036,0.048,0.102,0.517,0.029,0.045,0.034,0.09,0.358,0.349,0.601,0.324,0.331,0.171,0.096,0.223,0.07,0.075,0.111,0.552,0.067,0.053,0.056,0.306,0.72,0.612,0.591,0.534,0.524,0.519,0.618,0.641,0.623,0.726,0.758,0.842,0.828,1.045,0.979,0.789,0.757,0.848,0.755,0.814,0.768,0.753,0.765,0.868,0.632,0.863,0.851,0.876,0.53,0.296,0.279,0.626,0.668,0.556,0.349,1.033,0.62,0.339,0.515,0.626,0.571,0.682,0.678,1.179,0.464,0.458,0.418,0.976,0.444,0.275,0.274,0.28,0.256,0.273,0.258,0.266,A,,,20220210072803
300,20220210,0.268,0.258,0.273,0.793,0.274,0.263,0.265,0.266,0.256,0.279,0.256,0.271,0.263,0.265,0.271,0.261,0.277,0.26,0.272,0.262,0.269,0.268,0.262,0.278,0.255,0.275,0.843,0.184,0.301,0.404,0.434,0.407,0.227,0.2,0.749,0.198,0.193,0.209,0.192,0.233,0.466,0.497,0.562,0.67,0.684,0.733,0.885,0.837,1.192,0.991,0.911,1.146,1.586,0.884,0.877,0.908,1.023,1.165,1.082,0.959,0.715,0.63,0.61,0.422,0.046,0.061,0.081,0.092,0.06,0.05,0.047,0.046,0.026,0.043,0.04,0.407,0.318,0.073,0.079,0.771,0.332,0.619,0.63,0.451,0.489,0.973,0.334,0.211,0.951,0.817,0.188,0.094,0.068,0.12,0.184,0.052,A,,,20220211075001
300,20220211,0.064,0.176,0.753,0.28,0.085,0.068,0.064,0.051,0.032,0.042,0.038,0.037,0.044,0.031,0.051,0.03,0.044,0.037,0.037,0.05,0.033,0.078,0.609,0.681,0.111,0.057,0.185,0.108,0.057,0.546,0.34,0.079,0.285,0.2,0.178,0.187,0.196,0.285,0.828,0.212,0.517,0.632,0.646,0.663,0.655,0.758,0.766,0.725,0.736,0.762,0.776,0.778,0.763,0.76,0.743,0.749,0.747,0.843,0.903,0.918,0.725,0.875,0.971,0.699,0.694,0.783,0.964,1.394,1.957,1.128,0.713,0.052,0.061,0.593,0.819,0.737,0.94,0.43,0.47,0.251,0.648,0.782,0.33,0.181,0.175,0.181,0.165,0.138,0.054,0.054,0.053,0.046,0.411,0.198,0.044,0.043,A,,,20220212075824
300,20220212,0.034,0.061,0.034,0.046,0.045,0.034,0.063,0.033,0.046,0.045,0.04,0.057,0.032,0.049,0.039,0.049,0.047,0.033,0.054,0.039,0.05,0.038,0.108,0.543,0.034,0.053,0.031,0.05,0.05,0.038,0.055,0.021,0.072,0.094,0.022,0.118,0.577,0.147,0.064,0.06,0.253,0.276,0.269,0.347,0.691,0.247,0.262,0.262,0.237,0.374,0.266,0.276,0.278,0.417,0.657,0.46,0.299,1.095,0.423,0.251,0.053,0.047,0.037,0.042,0.303,0.456,0.238,0.736,0.508,0.541,0.025,0.042,0.04,0.032,0.041,0.023,0.045,0.025,0.036,0.556,0.025,0.039,0.041,0.029,0.043,0.144,0.438,0.349,0.172,0.173,0.157,0.158,0.175,0.149,0.122,0.042,A,,,20220213070914
300,20220213,0.051,0.096,0.026,0.046,0.046,0.542,0.044,0.024,0.051,0.03,0.043,0.038,0.025,0.051,0.032,0.042,0.036,0.027,0.052,0.025,0.045,0.03,0.041,0.039,0.026,0.046,0.03,0.043,0.031,0.028,0.051,0.028,0.074,0.11,0.29,1.11,0.096,0.055,0.159,0.581,0.248,0.239,0.253,0.255,0.232,0.257,0.524,0.698,0.387,0.35,0.317,1.202,1.552,1.695,1.421,1.412,1.352,1.441,1.326,1.319,0.889,0.845,0.831,0.82,0.844,0.813,0.786,0.402,0.06,0.495,0.104,0.059,0.064,0.081,0.117,0.102,0.511,0.693,1.337,0.72,0.751,0.195,0.205,0.19,0.174,0.202,0.605,0.564,0.177,0.056,0.07,0.07,0.053,0.06,0.05,0.045,A,,,20220214065808
300,20220214,0.059,0.596,0.046,0.064,0.038,0.053,0.047,0.047,0.062,0.036,0.053,0.05,0.044,0.057,0.042,0.052,0.06,0.041,0.062,0.041,0.061,0.05,0.044,0.157,0.545,0.144,0.108,0.101,0.048,0.4,0.323,0.038,0.051,0.108,0.053,0.054,0.049,0.086,0.045,0.159,0.864,1.026,0.685,0.662,1.173,0.666,0.678,0.618,0.454,0.544,0.418,0.393,0.368,0.388,0.475,0.375,0.432,0.492,0.517,0.504,0.241,0.165,0.165,0.178,0.071,0.247,0.377,0.121,0.071,0.068,0.072,0.039,0.096,0.056,0.371,0.43,0.068,0.048,0.059,0.12,0.716,0.503,0.064,0.234,1.107,0.072,0.073,0.058,0.061,0.04,0.062,0.048,0.048,0.041,0.043,0.566,A,,,20220215074403
300,20220215,0.043,0.051,0.033,0.056,0.039,0.051,0.036,0.047,0.046,0.044,0.042,0.049,0.046,0.046,0.051,0.038,0.058,0.033,0.054,0.036,0.055,0.033,0.275,0.472,0.107,0.145,0.056,0.058,0.629,0.16,0.048,0.067,0.046,0.069,0.192,0.175,0.191,0.182,0.184,0.216,0.424,0.412,0.937,0.408,0.393,0.426,0.456,0.415,0.432,0.429,0.457,0.459,0.445,0.463,0.448,0.459,0.398,0.421,0.403,0.406,0.203,0.193,0.211,0.226,0.198,0.173,0.681,0.187,0.169,0.173,0.161,0.112,0.197,0.115,0.073,0.229,0.175,0.416,0.124,0.089,0.507,0.416,0.071,0.063,0.325,0.823,0.068,0.061,0.165,0.063,0.082,0.069,0.045,0.04,0.6,0.049,A,,,20220216071741
300,20220216,0.037,0.043,0.04,0.047,0.037,0.045,0.04,0.046,0.033,0.048,0.037,0.047,0.035,0.058,0.033,0.055,0.033,0.059,0.433,0.181,0.039,0.054,0.033,0.058,0.082,0.351,0.404,0.147,0.079,0.865,0.679,0.196,0.06,0.177,0.171,0.197,0.248,0.195,0.222,0.289,0.911,0.629,0.896,0.935,0.547,0.237,0.248,0.407,1.065,1.328,1.316,1.321,0.973,0.956,0.945,0.959,0.954,1.01,0.892,0.856,0.508,0.427,0.441,0.455,0.246,0.235,0.399,0.379,0.53,0.659,0.277,0.177,0.188,0.608,0.838,0.202,0.236,0.624,0.193,0.095,0.332,0.768,0.061,0.151,0.718,0.644,0.203,0.301,0.186,0.124,0.052,0.045,0.052,0.037,0.534,0.747,A,,,20220217082344
300,20220217,0.08,0.116,0.377,0.061,0.037,0.045,0.042,0.047,0.046,0.038,0.052,0.041,0.05,0.036,0.048,0.046,0.041,0.05,0.031,0.056,0.038,0.218,0.392,0.045,0.047,0.039,0.089,0.096,0.095,0.055,0.304,0.664,0.267,0.216,0.195,0.189,0.232,0.229,0.262,0.281,0.6,0.823,0.88,1.2,0.811,0.94,1.005,0.952,0.982,0.918,0.934,0.915,0.951,0.928,0.942,1.34,1.018,0.946,0.933,0.948,0.731,0.787,0.777,0.7,0.321,0.035,0.045,0.031,0.031,0.068,0.641,1.054,0.647,0.058,0.072,0.25,0.754,0.569,0.559,0.394,0.217,0.564,0.413,0.213,0.744,0.404,0.084,0.037,0.055,0.031,0.055,0.043,0.038,0.05,0.038,0.564,A,,,20220218070616
300,20220218,0.054,0.051,0.042,0.041,0.047,0.043,0.051,0.17,0.328,0.141,0.071,0.369,0.199,0.055,0.034,0.049,0.03,0.061,0.039,0.045,0.044,0.044,0.605,0.035,0.069,0.087,0.056,0.057,0.717,0.374,0.328,0.183,0.17,0.204,0.211,0.811,0.225,0.404,0.525,0.531,0.744,0.742,0.741,0.735,0.757,0.762,0.78,0.781,0.782,0.969,0.915,0.98,0.939,1.335,0.957,0.913,0.913,0.913,0.906,0.896,0.693,0.694,0.669,0.619,0.639,0.608,0.727,0.758,0.73,0.608,0.707,0.871,0.377,0.83,0.552,0.2,0.209,0.184,0.068,0.055,0.089,0.268,0.504,0.396,0.078,0.067,0.069,0.072,0.461,0.521,0.231,0.229,0.632,0.264,0.096,0.094,A,,,20220219081326
300,20220219,0.057,0.208,0.154,0.059,0.06,0.545,0.095,0.035,0.052,0.044,0.039,0.049,0.033,0.061,0.036,0.046,0.043,0.045,0.049,0.036,0.05,0.099,0.062,0.056,0.055,0.04,0.051,0.038,0.075,0.13,0.27,0.511,0.046,0.034,0.034,0.038,0.023,0.049,0.021,0.041,0.223,0.243,0.245,0.234,0.247,0.269,1.681,1.818,1.45,1.444,1.453,1.444,1.927,1.668,1.439,1.458,1.249,1.176,1.173,1.744,1.205,1.304,1.497,1.54,1.637,1.235,1.545,1.512,1.411,0.21,0.059,0.032,0.05,0.227,0.441,0.564,0.592,0.671,1.326,0.484,0.505,0.32,0.218,0.421,0.493,0.187,0.664,0.362,0.397,0.596,0.729,0.323,0.394,0.16,0.141,0.039,A,,,20220220083718
300,20220220,0.046,0.046,0.041,0.053,0.035,0.05,0.53,0.052,0.045,0.038,0.052,0.032,0.06,0.035,0.048,0.043,0.045,0.041,0.051,0.03,0.046,0.044,0.036,0.04,0.034,0.051,0.145,0.085,0.452,0.326,0.125,0.183,0.591,0.191,0.046,0.045,0.036,0.04,0.043,0.028,0.233,0.616,0.429,0.246,0.228,0.503,0.84,0.248,0.246,0.227,0.246,0.246,0.243,0.291,0.27,0.901,0.206,0.11,0.369,0.265,0.445,0.356,0.496,0.086,0.079,0.083,1.276,1.576,1.539,1.316,2.036,1.435,1.121,0.392,0.719,0.944,0.92,0.784,0.543,0.826,0.434,0.242,0.225,0.207,0.534,0.596,0.179,0.18,0.185,0.209,0.189,0.183,0.18,0.426,0.744,0.072,A,,,20220221071827
300,20220221,0.058,0.483,0.114,0.049,0.041,0.048,0.046,0.046,0.041,0.048,0.043,0.053,0.048,0.047,0.046,0.048,0.053,0.046,0.049,0.235,0.404,0.05,0.174,0.088,0.571,0.303,0.641,0.325,0.095,0.092,0.099,0.615,0.317,0.269,0.207,0.202,0.215,0.202,0.202,0.202,0.384,0.568,0.745,0.43,0.522,0.692,0.955,1.08,1.062,1.044,1.045,1.018,1.159,1.2,1.203,1.167,0.949,0.919,0.917,0.69,0.553,0.549,0.53,0.547,0.537,0.541,0.551,0.331,0.057,0.04,0.065,0.428,0.261,0.3,0.323,1.046,1.002,1.079,1.092,1.118,0.884,0.535,0.613,0.557,0.659,1.106,0.352,0.223,0.192,0.204,0.19,0.195,0.132,0.038,0.254,0.361,A,,,20220222075532
300,20220222,0.055,0.039,0.044,0.047,0.04,0.057,0.036,0.048,0.049,0.041,0.055,0.349,0.237,0.063,0.121,0.478,0.052,0.058,0.033,0.379,0.247,0.046,0.143,0.044,0.066,0.059,0.064,0.148,0.045,0.109,0.812,0.27,0.192,0.214,0.213,0.209,0.225,0.209,0.225,0.284,0.428,0.445,0.434,1.099,0.827,0.872,0.862,0.917,0.868,0.884,0.893,0.894,0.866,0.88,0.91,0.846,0.482,0.316,0.314,0.315,0.281,0.312,0.215,0.202,0.216,0.196,0.503,0.322,0.071,0.436,0.796,0.38,0.107,0.098,0.335,0.456,0.29,0.212,0.257,0.705,0.568,0.237,0.588,0.507,0.278,0.228,0.897,0.192,0.2,0.175,0.184,0.172,0.178,0.167,0.037,0.05,A,,,20220223092119
300,20220223,0.062,0.557,0.037,0.045,0.047,0.041,0.054,0.033,0.051,0.046,0.042,0.048,0.033,0.056,0.031,0.047,0.036,0.046,0.043,0.032,0.049,0.035,0.599,0.06,0.149,0.664,0.413,0.248,0.292,0.16,0.073,0.073,0.597,0.13,0.085,0.077,0.077,0.202,0.273,0.191,0.384,0.396,0.399,0.442,0.376,0.4,0.814,0.468,0.483,0.443,0.416,0.416,0.417,0.408,0.424,0.413,0.241,0.222,0.227,0.336,0.44,0.46,0.444,0.392,0.357,0.205,0.226,0.211,0.212,0.233,0.196,0.208,0.459,1.237,0.483,0.23,0.212,0.219,0.218,0.224,0.207,0.517,0.541,0.19,0.202,0.432,0.951,0.641,0.083,0.078,0.057,0.282,0.152,0.167,0.61,0.177,A,,,20220224190429
300,20220224,0.053,0.315,0.278,0.082,0.053,0.475,0.134,0.047,0.053,0.032,0.055,0.046,0.041,0.052,0.035,0.058,0.037,0.553,0.055,0.038,0.057,0.083,0.075,0.179,0.103,0.096,0.273,0.543,0.064,0.194,0.17,0.181,0.171,0.18,0.221,0.232,0.713,0.205,0.206,0.274,0.518,0.55,0.569,0.549,0.577,0.562,0.582,0.607,0.567,0.537,0.474,0.4,0.448,0.492,0.557,0.603,0.334,0.366,0.404,0.397,0.743,0.42,0.204,0.232,0.205,0.207,0.186,0.193,0.199,0.178,0.182,0.193,0.186,0.204,0.245,0.297,0.071,0.083,0.09,0.416,0.592,0.12,0.23,0.797,0.939,1.191,0.699,0.215,0.158,0.154,0.183,0.166,0.147,0.062,0.579,0.14,A,,,20220311140155
300,20220225,0.052,0.048,0.068,0.029,0.042,0.082,0.081,0.057,0.057,0.044,0.044,0.053,0.031,0.05,0.043,0.044,0.042,0.601,0.055,0.033,0.052,0.034,0.043,0.047,0.046,0.124,0.919,0.189,0.122,0.647,0.524,0.18,0.481,0.494,0.163,0.101,0.481,0.965,0.66,0.261,0.393,0.535,0.947,0.938,0.414,0.366,0.285,0.377,0.387,0.253,0.326,0.368,0.754,0.344,0.256,0.269,0.077,0.064,0.054,0.038,0.089,0.08,0.095,0.111,0.08,0.543,1.328,0.401,0.061,0.444,0.439,0.13,0.314,0.474,0.068,0.069,0.081,0.097,0.105,0.08,0.1,0.085,0.091,0.308,0.449,0.083,0.13,0.085,0.091,0.688,0.88,0.154,0.294,0.427,0.317,0.608,A,,,20220226150128
300,20220226,1.047,0.091,0.129,0.505,0.701,0.034,0.061,0.046,0.04,0.059,0.035,0.055,0.053,0.033,0.056,0.391,0.204,0.058,0.034,0.055,0.049,0.038,0.055,0.041,0.05,0.048,0.185,0.457,0.381,0.618,0.674,0.224,0.23,0.199,0.203,0.226,0.215,0.2,0.202,0.565,0.642,0.407,0.431,0.437,0.459,0.838,1.599,0.958,1.039,0.863,0.561,0.417,0.496,0.538,0.458,1.011,0.189,0.086,0.086,0.082,0.08,0.303,0.431,0.297,0.121,0.098,0.45,0.271,0.694,0.268,1.234,0.653,0.153,0.082,0.175,0.153,0.283,0.615,0.099,0.159,0.098,0.772,0.093,0.084,0.08,0.064,0.832,0.509,0.132,0.081,0.083,0.086,0.083,0.058,0.081,0.068,A,,,20220227140159
300,20220227,0.647,0.068,0.068,0.074,0.067,0.076,0.059,0.076,0.068,0.071,0.069,0.066,0.08,0.062,0.077,0.06,0.081,0.065,0.068,0.267,0.407,0.071,0.059,0.076,0.065,0.072,0.065,0.1,0.141,0.143,0.083,0.742,0.138,0.298,0.781,0.094,0.082,0.076,0.072,0.086,0.258,0.864,0.28,0.378,0.294,0.44,0.746,0.631,0.333,0.323,0.958,0.94,0.843,0.693,0.707,0.375,0.144,0.465,0.268,0.448,0.726,0.267,0.307,0.876,0.915,1.051,1.025,0.287,0.203,0.203,0.12,0.09,0.472,0.729,0.67,0.21,0.153,0.098,0.06,0.381,0.514,0.132,0.083,0.885,0.214,0.579,0.622,0.125,0.072,0.04,0.051,0.056,0.044,0.056,0.321,0.342,A,,,20220311140155
300,20220228,0.368,0.255,0.072,0.111,0.467,0.137,0.057,0.042,0.058,0.045,0.053,0.059,0.04,0.059,0.052,0.038,0.064,0.076,0.559,0.048,0.045,0.062,0.036,0.057,0.097,0.077,0.069,0.21,0.666,0.089,1.024,0.669,0.137,0.099,0.091,0.392,0.411,0.289,0.296,0.841,0.767,0.638,0.676,0.664,0.699,0.877,1.15,1.245,1.198,1.205,1.216,1.278,1.608,1.548,1.352,1.351,1.168,1.129,1.1,1.128,1.251,1.13,1.144,1.127,1.067,1.031,0.986,0.992,0.787,0.436,0.198,0.195,0.198,0.668,0.074,0.084,0.125,0.238,1.083,0.237,0.51,0.48,0.28,0.327,0.572,1.039,0.209,0.174,0.197,0.68,0.171,0.082,0.077,0.062,0.07,0.052,A,,,20220301083400
300,20220301,0.055,0.069,0.044,0.063,0.06,0.494,0.141,0.052,0.054,0.07,0.049,0.061,0.098,0.092,0.072,0.077,0.055,0.057,0.064,0.05,0.063,0.051,0.062,0.047,0.069,0.096,0.569,0.083,0.268,0.1,0.569,0.471,0.189,0.199,0.211,0.201,0.491,0.539,0.264,0.41,0.766,0.771,0.756,0.785,0.839,0.906,0.818,1.339,0.992,0.961,0.958,0.958,0.945,0.948,0.882,0.825,0.589,0.572,0.562,0.546,0.558,0.55,0.554,0.536,0.499,0.52,0.748,1.188,0.846,0.722,0.744,0.664,0.3,0.307,0.368,0.85,1.184,1.048,0.571,0.512,0.343,0.205,0.274,0.764,0.216,0.219,0.283,0.215,0.207,0.182,0.202,0.242,0.216,0.149,0.385,0.619,A,,,20220302072647
300,20220302,0.179,0.086,0.292,0.317,0.047,0.067,0.061,0.059,0.055,0.059,0.061,0.053,0.065,0.049,0.07,0.051,0.063,0.053,0.059,0.06,0.059,0.761,0.062,0.069,0.066,0.068,0.745,0.111,0.081,0.233,0.271,0.207,0.183,0.208,0.209,0.597,0.448,0.389,0.685,0.943,1.156,1.162,1.073,1.259,1.368,1.306,1.774,1.357,1.332,1.315,1.417,1.363,1.44,1.391,1.393,1.4,1.407,1.468,1.285,1.232,1.563,1.365,1.159,1.151,1.214,1.519,1.102,1.105,0.941,0.684,0.067,0.04,0.05,0.155,0.816,0.063,0.068,0.065,0.069,0.05,0.052,0.367,0.652,0.686,1.216,0.887,0.235,0.185,0.206,0.185,0.192,0.528,0.204,0.063,0.043,0.073,A,,,20220303071005
300,20220303,0.33,0.225,0.184,0.189,0.186,0.18,0.193,0.177,0.193,0.178,0.384,0.516,0.182,0.188,0.092,0.075,0.056,0.075,0.143,0.181,0.065,0.171,0.085,0.063,0.281,0.765,0.561,0.281,0.758,0.198,0.124,0.385,0.297,0.223,0.238,0.213,0.16,0.557,0.124,0.079,0.252,0.275,0.415,0.43,0.402,0.413,0.292,0.274,0.263,0.359,0.278,0.269,0.278,0.456,1.312,1.075,0.857,0.293,0.321,0.249,0.248,0.248,0.275,0.361,0.398,0.32,0.285,0.186,0.216,0.189,0.217,0.532,0.534,0.337,0.22,0.714,1.016,0.391,0.194,0.143,0.624,0.786,0.127,0.116,0.083,0.082,0.082,0.317,1.026,0.223,0.1,0.429,0.159,0.059,0.039,0.048,A,,,20220304080037
300,20220304,0.043,0.042,0.053,0.036,0.053,0.442,0.195,0.044,0.037,0.055,0.038,0.051,0.041,0.045,0.051,0.033,0.059,0.036,0.048,0.037,0.044,0.058,0.032,0.054,0.035,0.05,0.044,0.092,0.658,0.043,0.061,0.359,0.439,0.057,0.036,0.119,0.452,0.184,0.163,0.256,0.362,0.369,0.917,0.617,0.786,1.015,1.083,1.073,1.038,0.697,0.547,0.448,0.426,0.957,0.439,0.417,0.316,0.428,0.408,0.398,0.357,0.253,0.24,0.227,0.506,0.532,0.441,0.45,0.427,0.554,0.542,0.083,0.065,0.086,0.068,0.253,0.449,0.351,0.614,0.505,0.282,0.233,0.524,0.42,0.215,0.509,0.711,0.07,0.036,0.051,0.049,0.031,0.05,0.047,0.036,0.606,A,,,20220311140155
300,20220305,0.044,0.054,0.047,0.034,0.052,0.045,0.047,0.049,0.035,0.059,0.048,0.047,0.051,0.036,0.06,0.036,0.05,0.047,0.038,0.234,0.436,0.046,0.05,0.035,0.058,0.037,0.046,0.069,0.089,0.077,0.137,0.048,0.031,0.079,0.053,1.013,0.166,0.079,0.183,0.024,0.154,0.16,0.112,0.449,0.214,0.075,0.186,0.229,0.299,0.548,0.312,0.28,0.271,0.264,0.498,0.894,0.06,0.044,0.022,0.038,0.053,0.028,0.048,0.046,0.103,0.438,0.223,0.057,0.069,0.248,0.228,0.156,0.104,1.108,0.673,0.48,0.611,0.429,0.209,0.119,1.078,1.395,1.163,1.099,1.089,0.952,1.114,0.777,0.39,0.208,0.217,0.204,0.199,0.177,0.177,0.183,A,,,20220311140155
300,20220306,0.524,0.143,0.035,0.058,0.283,0.242,0.067,0.096,0.468,0.072,0.057,0.036,0.053,0.041,0.046,0.048,0.04,0.054,0.032,0.061,0.033,0.053,0.12,0.432,0.051,0.038,0.05,0.034,0.058,0.032,0.115,0.044,0.044,0.06,0.04,0.035,0.042,0.028,0.039,0.07,0.712,0.256,0.314,0.283,0.307,0.527,1.039,1.033,1.277,1.247,1.949,1.488,1.464,1.433,1.412,1.383,1.167,1.152,1.127,1.666,0.706,0.513,0.523,0.637,0.773,0.675,0.384,0.224,0.291,0.283,0.248,0.308,0.32,0.887,0.468,0.554,0.28,0.232,0.828,0.247,0.238,0.231,0.238,0.249,0.578,0.572,0.714,0.267,0.306,0.08,0.099,0.592,0.237,0.18,0.166,0.17,A,,,20220307160409
300,20220307,0.161,0.044,0.054,0.053,0.039,0.062,0.049,0.512,0.073,0.037,0.056,0.057,0.039,0.064,0.044,0.044,0.069,0.038,0.052,0.056,0.042,0.06,0.049,0.038,0.058,0.048,0.043,0.054,0.381,0.403,0.044,0.04,0.118,0.939,0.384,0.541,0.561,0.058,0.065,0.252,1.029,0.345,0.358,0.265,0.259,0.75,0.305,0.264,0.233,0.248,0.246,0.231,0.26,0.232,0.24,0.245,0.052,0.04,0.032,0.076,0.493,0.028,0.041,0.03,0.024,0.046,0.025,0.04,0.039,0.021,0.046,0.039,0.026,0.046,0.025,0.789,1.479,1.311,1.036,0.886,0.499,0.228,0.583,0.951,0.241,0.184,0.189,0.166,0.183,0.175,0.173,0.182,0.599,0.315,0.17,0.351,A,,,20220311140155
300,20220308,0.686,0.416,0.205,0.068,0.054,0.303,0.248,0.077,0.085,0.48,0.065,0.058,0.044,0.043,0.052,0.034,0.058,0.602,0.049,0.043,0.039,0.057,0.043,0.081,0.066,0.134,0.128,0.047,0.336,0.403,0.368,0.236,0.201,0.195,0.193,0.226,0.325,0.541,0.693,0.642,0.832,0.883,0.878,1.074,1.143,0.787,0.889,0.91,0.818,0.835,0.829,0.898,0.847,0.821,0.828,0.849,0.679,0.638,0.672,0.767,0.977,0.998,1.06,0.976,0.947,0.954,0.873,0.786,0.777,0.788,0.634,0.39,0.28,1.079,0.806,0.718,0.427,0.269,0.889,0.966,0.634,0.302,0.272,0.544,0.608,0.23,0.232,0.211,0.207,0.205,0.186,0.187,0.201,0.112,0.13,0.498,A,,,20220311140155
300,20220309,0.036,0.06,0.042,0.044,0.053,0.043,0.311,0.278,0.065,0.086,0.468,0.108,0.05,0.033,0.066,0.037,0.047,0.051,0.039,0.053,0.053,0.04,0.052,0.037,0.23,0.487,0.09,0.157,0.772,0.488,0.432,0.232,0.202,0.196,0.264,0.198,0.178,0.274,0.727,0.208,0.456,0.605,0.623,0.774,0.963,1.02,1.004,0.982,1.015,0.983,0.996,0.994,0.991,0.833,0.559,0.579,0.66,0.751,0.872,0.89,0.869,0.858,0.837,0.845,0.734,0.627,0.46,0.475,0.791,0.889,0.084,0.177,0.498,0.411,0.134,0.72,1.154,1.163,1.134,1.005,1.312,0.714,0.437,0.868,0.235,0.209,0.194,0.199,0.705,0.508,0.187,0.182,0.172,0.163,0.033,0.054,A,,,20220310072146
300,20220310,0.046,0.04,0.053,0.505,0.128,0.046,0.034,0.058,0.044,0.043,0.052,0.032,0.056,0.048,0.047,0.43,0.168,0.077,0.187,0.424,0.058,0.044,0.044,0.051,0.038,0.079,0.135,0.593,0.051,0.128,0.24,0.168,0.184,0.2,0.178,0.19,0.499,0.544,0.216,0.254,0.457,0.439,0.414,0.427,0.422,0.416,0.45,0.428,0.425,0.426,0.436,0.427,0.409,0.469,0.397,0.4,0.236,0.255,0.217,0.215,0.747,0.214,0.2,0.21,0.208,0.195,0.217,0.243,0.07,0.054,0.04,0.057,0.05,0.21,0.188,0.688,0.1,0.09,0.5,0.521,0.105,0.073,0.089,0.621,0.374,0.067,0.067,0.054,0.067,0.059,0.053,0.072,0.054,0.44,0.189,0.05,A,,,20220311075033
300,20220311,0.072,0.058,0.056,0.068,0.05,0.071,0.06,0.051,0.22,0.336,0.131,0.093,0.398,0.231,0.064,0.051,0.071,0.055,0.121,0.536,0.049,0.064,0.06,0.056,0.076,0.055,0.058,0.71,0.144,0.047,0.135,0.114,0.075,0.082,0.076,0.217,0.51,0.068,0.073,0.073,0.298,0.349,0.728,0.794,0.765,0.733,0.555,0.542,0.552,0.592,0.774,0.927,1.552,0.952,0.951,0.906,0.707,0.53,0.279,0.194,0.181,0.189,0.219,0.192,0.184,0.182,0.148,0.071,0.065,0.165,0.532,0.448,0.217,0.368,0.529,0.378,0.325,0.367,0.085,0.462,0.368,0.085,0.772,0.091,0.084,0.082,0.118,0.101,0.093,0.085,0.082,0.241,0.385,0.05,0.042,0.052,A,,,20220312150556
300,20220312,0.038,0.389,0.511,0.107,0.06,0.078,0.05,0.039,0.054,0.034,0.06,0.037,0.046,0.045,0.042,0.055,0.336,0.291,0.033,0.059,0.038,0.044,0.047,0.044,0.051,0.03,0.058,0.07,0.174,0.568,0.47,0.259,0.088,0.098,1.016,0.055,0.292,0.102,0.168,0.26,0.377,0.256,0.824,0.245,0.244,0.26,0.242,0.243,0.253,0.238,0.262,0.247,0.254,0.255,0.242,0.306,0.072,0.046,0.416,0.144,0.047,0.022,0.049,0.06,0.039,0.051,0.078,0.046,0.059,0.613,0.913,0.165,0.047,0.04,0.027,0.053,0.02,0.036,0.281,0.373,0.087,0.087,0.139,0.075,0.058,0.039,0.056,0.035,0.056,0.503,0.164,0.046,0.042,0.057,0.038,0.054,A,,,20220313071706
300,20220313,0.034,0.062,0.038,0.048,0.042,0.048,0.047,0.039,0.052,0.037,0.057,0.033,0.051,0.036,0.055,0.039,0.044,0.041,0.591,0.046,0.036,0.05,0.042,0.05,0.033,0.054,0.042,0.066,0.064,0.079,0.066,0.146,0.582,0.137,0.233,0.326,0.2,0.071,0.374,0.202,0.534,0.523,0.241,0.254,0.233,0.255,0.245,0.244,0.252,0.237,0.262,0.263,0.29,0.346,0.307,0.459,0.794,0.225,0.893,1.37,1.268,1.069,1.071,1.148,1.053,1.136,0.846,0.97,0.16,0.086,0.281,0.857,0.905,0.216,0.07,0.118,0.228,0.813,0.337,0.091,0.083,0.762,0.103,0.076,0.089,0.087,0.079,0.155,0.041,0.043,0.436,0.17,0.054,0.035,0.048,0.048,A,,,20220314080201
300,20220314,0.045,0.057,0.035,0.266,0.285,0.065,0.077,0.473,0.11,0.039,0.042,0.049,0.038,0.118,0.512,0.049,0.041,0.044,0.053,0.037,0.055,0.034,0.051,0.045,0.055,0.135,0.91,0.186,0.025,0.18,0.054,0.046,0.626,0.08,0.059,0.059,0.048,0.063,0.048,0.061,0.243,0.278,0.651,0.848,0.853,0.872,0.929,0.841,0.807,0.839,0.495,0.577,0.785,0.774,0.759,0.746,0.569,0.536,0.532,0.505,0.416,0.378,0.219,0.224,0.208,0.226,0.234,0.162,0.058,0.076,0.086,0.094,0.371,0.693,0.466,0.074,0.095,0.079,0.286,0.517,0.079,0.074,0.36,0.449,0.07,0.078,0.614,0.601,0.046,0.043,0.052,0.039,0.057,0.041,0.042,0.056,A,,,20220315140301
300,20220315,0.322,0.309,0.038,0.056,0.042,0.042,0.054,0.037,0.058,0.038,0.053,0.045,0.041,0.05,0.041,0.056,0.032,0.058,0.04,0.042,0.046,0.069,0.568,0.059,0.081,0.051,0.482,0.307,0.213,0.646,0.55,0.205,0.108,0.091,0.089,0.177,0.188,0.176,0.186,0.186,0.356,0.684,0.712,0.411,0.402,0.397,0.418,0.479,0.44,0.41,0.409,0.451,0.451,0.381,0.401,0.404,0.222,0.197,0.185,0.217,0.198,0.212,0.195,0.192,0.201,0.263,0.616,0.066,0.07,0.074,0.192,0.204,0.204,0.135,0.084,0.106,0.123,0.109,0.302,0.675,0.114,0.146,0.493,0.468,0.376,0.948,0.176,0.338,0.588,0.062,0.054,0.045,0.058,0.046,0.051,0.057,V,,,20220316070616
400,1,40,A,,,,,,,,,,,,,,,,,,,,,,,,,,,,,,,,,,,,,,,,,,,,,,,,,,,,,,,,,,,,,,,,,,,,,,,,,,,,,,,,,,,,,,,,,,,,,,,,,,
400,41,41,A,79,Power Outage Alarm ,,,,,,,,,,,,,,,,,,,,,,,,,,,,,,,,,,,,,,,,,,,,,,,,,,,,,,,,,,,,,,,,,,,,,,,,,,,,,,,,,,,,,,,,,,,,,,,,
400,42,96,A,,,,,,,,,,,,,,,,,,,,,,,,,,,,,,,,,,,,,,,,,,,,,,,,,,,,,,,,,,,,,,,,,,,,,,,,,,,,,,,,,,,,,,,,,,,,,,,,,,
300,20220316,0.038,0.299,0.362,0.048,0.052,0.038,0.065,0.094,0.382,0.184,0.068,0.295,0.328,0.066,0.103,0.068,0.062,0.068,0.042,0.051,0.041,0.634,0.078,0.077,0.065,0.053,0.715,0.079,0.104,0.06,0.059,0.045,0.065,0.043,0.595,0.067,0.12,0.07,0.046,0.066,0.243,0.268,0.51,0.739,0.665,0.529,0.545,0.618,0.629,1.034,0.871,1.09,1.148,1.318,1.173,1.096,0.909,0.877,0.804,0.46,0.271,0.232,0.231,0.335,0.32,0.332,0.335,0.274,0.203,0.208,0.194,0.072,0.206,0.561,1.051,0.169,0.095,0.096,0.107,0.097,0.509,0.283,0.901,1.214,0.495,0.235,0.22,0.206,0.201,0.149,0.067,0.303,0.474,0.093,0.071,0.057,A,,,20220317073451
300,20220317,0.047,0.054,0.041,0.048,0.051,0.043,0.049,0.041,0.054,0.31,0.29,0.07,0.079,1.025,0.12,0.043,0.056,0.034,0.058,0.04,0.049,0.044,0.053,0.04,0.047,0.066,0.724,0.295,0.093,0.077,0.094,0.104,0.212,0.365,0.613,0.187,0.203,0.186,0.212,0.218,0.465,0.459,0.466,0.535,0.543,0.67,1.231,0.601,0.528,0.533,0.513,0.696,0.909,0.945,0.946,0.933,0.767,0.727,0.744,0.733,0.739,0.747,0.238,0.192,0.534,0.476,0.377,0.224,0.74,0.219,0.125,0.072,0.141,0.161,0.173,0.073,0.107,0.154,0.09,0.105,0.101,0.48,0.381,0.48,1.116,0.957,0.201,0.164,0.183,0.167,0.177,0.165,0.171,0.723,0.035,0.058,A,,,20220319044611
300,20220318,0.033,0.056,0.043,0.044,0.071,0.094,0.062,0.057,0.049,0.049,0.047,0.042,0.141,0.384,0.202,0.548,0.346,0.303,0.053,0.039,0.052,0.044,0.046,0.096,0.433,0.393,0.645,0.154,0.176,0.181,0.093,0.087,0.363,0.525,0.191,0.178,0.22,0.203,0.217,0.218,0.429,0.505,0.467,0.466,0.621,0.69,1.149,0.73,0.709,0.717,0.749,0.849,0.936,0.858,0.84,0.844,0.669,0.622,0.608,0.551,0.58,0.575,0.564,0.563,0.526,0.539,0.496,0.471,0.451,0.268,0.197,0.421,0.497,0.213,1.147,0.43,0.182,0.095,0.056,0.072,0.098,0.61,0.208,0.285,0.174,0.936,0.49,0.143,0.137,0.136,0.268,0.18,0.177,0.137,0.186,0.436,A,,,20220320151549
300,20220319,0.048,0.049,0.042,0.059,0.033,0.055,0.048,0.045,0.049,0.039,0.059,0.036,0.057,0.038,0.056,0.04,0.048,0.05,0.303,0.29,0.039,0.059,0.034,0.056,0.105,0.058,0.033,0.073,0.216,0.428,0,0,0,0,0,0,0,0.056,0,0,0,0,0,0.175,0.385,0.013,0,0,0,0,0,0,0,0,0.022,0.041,0,0,0.036,0.052,0.063,0.019,0,0.358,0.464,0.209,0.19,0.859,0.465,0.538,0.454,0.209,0.113,0.172,0.077,0.172,0.116,0.122,0.216,0.62,0.119,0.104,0.137,0.874,0.174,0.072,0.092,0.688,0.043,0.051,0.067,0.039,0.05,0.059,0.036,0.058,A,,,20220320141845
300,20220320,0.047,0.464,0.152,0.038,0.052,0.055,0.038,0.055,0.047,0.051,0.057,0.037,0.055,0.044,0.045,0.065,0.038,0.052,0.045,0.05,0.058,0.039,0.662,0.067,0.015,0.001,0.148,0.219,0.14,0.031,0,0,0.04,0.094,0,0,0,0,0,0,0,0,0,0,0,0,0,0,0,0,0.064,0.057,0.501,0.564,0.566,0.206,0.311,0,0.209,0.431,0.142,0.04,0.462,0.802,0.684,0.45,0.373,0.371,0.512,0.278,0.158,0.423,0.75,0.633,1.099,0.337,0.257,0.219,0.214,0.229,0.145,0.353,0.38,0.139,0.218,0.205,0.205,0.608,0.403,0.07,0.06,0.057,0.079,0.051,0.064,0.058,A,,,20220321140314
300,20220321,0.039,0.476,0.146,0.06,0.044,0.044,0.051,0.044,0.059,0.036,0.054,0.05,0.047,0.044,0.047,0.055,0.04,0.053,0.046,0.052,0.041,0.047,0.42,0.214,0.013,0,0.011,0.554,0.167,0,0,0,0,0,0,0,0,0,0,0,0,0,0,0,0,0,0,0,0.003,0,0.068,0.141,0,0.064,0,0,0.023,0.263,0.077,0.118,0.006,0.035,0,0.054,0.129,0.001,0.021,0.128,0.299,0.225,0.132,0.086,0.078,0.206,0.152,0.06,0.571,0.113,0.105,0.462,0.766,0.534,0.648,0.193,0.216,0.195,0.146,0.08,0.077,0.687,0.128,0.063,0.048,0.059,0.037,0.057,A,,,20220322072105
200,4567890,B1E1,E1,E1,,LG04567890,kWh,15,,,,,,,,,,,,,,,,,,,,,,,,,,,,,,,,,,,,,,,,,,,,,,,,,,,,,,,,,,,,,,,,,,,,,,,,,,,,,,,,,,,,,,,,,,,,,
300,20220322,0.048,0.048,0.049,0.051,0.262,0.333,0.056,0.048,0.054,0.044,0.048,0.057,0.042,0.058,0.044,0.051,0.043,0.051,0.046,0.051,0.038,0.053,0.048,0.599,0.029,0.087,0,0.009,0.002,0.307,0,0,0,0,0,0,0,0,0,0,0,0,0,0.016,0,0,0.005,0,0,0,0,0,0.042,0.196,0.039,0.007,0,0,0,0,0,0,0,0,0.183,0.042,0.094,0.012,0,0.313,0.294,0.537,0.323,0.262,0.552,0.432,0.051,0.081,0.099,0.096,0.585,0.739,0.217,0.208,0.274,0.476,1.025,0.366,0.043,0.053,0.06,0.055,0.037,0.069,0.05,0.323,A,,,20220323140117
300,20220323,0.321,0.05,0.046,0.059,0.039,0.059,0.083,0.083,0.062,0.071,0.055,0.038,0.058,0.047,0.056,0.041,0.054,0.05,0.048,0.215,0.425,0.057,0.038,0.052,0.013,0.024,0.045,0,0.254,0.018,0.064,0.004,0,0,0,0,0,0,0.004,0,0,0.062,0,0,0,0,0,0,0,0,0,0.008,0.038,0.045,0,0,0,0,0,0,0,0,0,0,0,0,0.016,0.003,0,0,0.01,0.055,0.627,0.296,0.165,0.435,0.656,0.536,0.362,0.261,0.212,0.203,0.91,0.279,0.206,0.197,0.209,0.17,0.191,0.165,0.193,0.174,0.741,0.106,0.046,0.059,A,,,20220324065650
300,20220324,0.041,0.057,0.038,0.065,0.035,0.054,0.051,0.05,0.045,0.049,0.059,0.042,0.054,0.121,0.059,0.06,0.062,0.043,0.059,0.592,0.062,0.042,0.058,0.03,0.018,0.065,0.05,0.502,0.164,0.012,0.325,0.051,0,0,0.017,0,0.01,0,0.081,0.165,0,0,0.006,0,0,0,0,0,0,0,0,0.053,0.13,0,0,0,0,0,0,0,0,0.152,0.099,0.032,0.222,0.246,0.413,0.736,0,0.008,0.034,0.053,0.512,0.348,0.27,0.427,0.64,1.348,0.712,0.523,0.263,0.223,0.348,0.795,0.183,0.201,0.184,0.192,0.189,0.173,0.201,0.043,0.053,0.09,0.558,0.058,A,,,20220325140206
300,20220325,0.037,0.058,0.047,0.05,0.053,0.038,0.064,0.043,0.051,0.048,0.042,0.068,0.039,0.053,0.048,0.054,0.051,0.038,0.064,0.044,0.05,0.046,0.612,0.053,0.077,0.008,0.692,0.159,0.058,0,0,0,0,0,0,0,0,0,0,0,0.043,0.052,0.25,0.19,0.139,0.004,0.1,0.185,0.024,0.01,0,0.068,0.473,0,0,0,0,0.096,0.205,0.033,0.013,0,0.062,0.225,0.086,0.597,0.346,0.522,0.503,0.731,0.452,0.152,0.143,0.16,0.141,0.147,0.16,0.123,0.056,0.04,0.054,0.053,0.572,0.189,0.16,0.104,0.313,0.563,0.193,0.193,0.147,0.074,0.126,0.077,0.077,0.076,A,,,20220326190348
300,20220326,0.115,0.517,0.04,0.067,0.037,0.049,0.049,0.045,0.057,0.035,0.059,0.042,0.047,0.049,0.045,0.059,0.037,0.053,0.05,0.044,0.05,0.045,0.055,0.074,0.504,0,0,0,0,0,0,0,0,0,0.001,0,0,0,0,0,0,0,0.001,0,0,0,0,0,0,0,0.22,0,0,0,0,0,0,0,0.024,0.007,0.643,0.955,0.723,0.076,0.559,0.6,0.772,0.684,0,0.026,0.159,0.893,0.833,0.422,0.657,0.61,0.305,0.231,0.288,0.757,0.232,0.243,0.106,0.105,0.214,0.51,0.08,0.1,0.096,0.081,0.1,0.07,0.061,0.069,0.061,0.072,A,,,20220327140150
300,20220327,0.057,0.214,0.427,0.039,0.058,0.041,0.057,0.045,0.046,0.061,0.039,0.058,0.041,0.059,0.043,0.041,0.06,0.038,0.055,0.045,0.052,0.05,0.038,0.063,0.011,0.001,0,0,0.176,0.24,0,0,0,0,0,0,0,0,0,0,0,0.021,0.054,0.115,0.039,0,0.099,0,0,0,0,0.003,0,0.017,0.28,0.201,0.017,0.004,0.065,0,0,0,0,0,0,0,0,0,0.092,0.471,0.026,0.046,0.034,0.041,0.033,0.036,0.044,0.028,0.073,0.347,0.409,0.203,0.252,0.225,0.235,0.219,0.19,0.31,0.399,0.038,0.046,0.065,0.038,0.052,0.049,0.045,A,,,20220401053800
300,20220328,0.057,0.04,0.047,0.049,0.041,0.063,0.037,0.053,0.046,0.05,0.053,0.038,0.059,0.044,0.05,0.569,0.11,0.05,0.039,0.056,0.048,0.133,0.068,0.063,0.098,0.069,0.911,0.07,0.139,0.651,0.264,0.015,0.003,0.028,0.013,0.057,0.05,0.343,0.275,0.023,0.158,0.12,0.105,0.13,0.103,0.142,0.035,0.001,0.054,0.153,0.377,0.711,0.254,0.192,0.216,0.145,0.025,0.019,0,0,0.013,0.012,0.026,0.021,0.022,0.042,0.043,0.069,0.097,0.093,0.107,0.721,0.292,0.11,0.112,0.079,0.064,0.087,0.561,0.347,0.439,1.182,0.48,0.959,1.032,0.257,0.834,0.075,0.041,0.052,0.028,0.05,0.054,0.03,0.244,0.378,A,,,20220329063043
300,20220329,0.042,0.046,0.032,0.06,0.035,0.041,0.045,0.041,0.052,0.037,0.049,0.054,0.034,0.06,0.042,0.051,0.553,0.04,0.061,0.034,0.062,0.136,0.074,0.069,0.048,0.057,0.024,0.331,0.542,0.178,0.008,0.073,0.466,0,0,0.136,0.014,0.004,0,0,0,0.007,0.002,0.288,0.075,0,0.047,0.133,0.05,0,0,0,0,0,0,0.275,0.166,0,0,0,0,0,0,0,0,0,0,0,0,0.257,0.783,0.102,0.066,0.393,0.894,0.34,0.127,0.122,0.184,0.653,0.201,0.079,0.088,0.106,0.096,0.069,0.06,0.072,0.062,0.565,0.035,0.055,0.04,0.042,0.047,0.041,A,,,20220330085401
300,20220330,0.056,0.031,0.051,0.044,0.046,0.049,0.046,0.55,0.038,0.055,0.045,0.05,0.04,0.049,0.053,0.041,0.051,0.045,0.053,0.04,0.047,0.051,0.043,0.043,0.019,0.052,0.583,0.799,0.125,0.053,0.131,0.911,0.202,0,0.048,0.064,0,0,0,0,0,0,0.409,0,0,0,0,0,0,0,0,0,0,0,0,0.002,0.003,0,0,0.012,0.077,0,0,0,0,0,0,0.011,0.009,0.383,0.462,0.382,0.452,0.304,0.081,0.076,0.551,0.489,0.429,1.335,0.822,0.248,0.205,0.214,0.189,0.194,0.357,0.532,0.092,0.041,0.05,0.033,0.05,0.041,0.043,0.039,A,,,20220331070900
300,20220331,0.042,0.049,0.037,0.043,0.039,0.177,0.502,0.192,0.186,0.065,0.053,0.054,0.06,0.051,0.053,0.052,0.06,0.04,0.062,0.048,0.061,0.041,0.052,0.046,0.034,0.404,0.2,0.097,0.013,0.076,0.648,0.094,0.002,0,0,0,0,0.001,0.018,0.391,0.167,0,0,0.039,0.135,0.032,0,0.151,0.05,0.471,0.23,0,0.007,0.639,0.24,0.198,0.053,0,0,0,0,0,0,0.025,0,0,0.001,0.023,0.106,0.128,0.106,0.2,0.095,0.056,0.586,0.072,0.186,0.381,0.906,0.22,0.194,0.189,0.137,0.842,0.143,0.5,0.375,0.088,0.101,0.281,0.168,0.085,0.058,0.038,0.388,0.216,A,,,20220401074016
300,20220401,0.046,0.041,0.05,0.049,0.035,0.059,0.036,0.048,0.045,0.047,0.048,0.036,0.057,0.04,0.047,0.044,0.406,0.216,0.032,0.057,0.041,0.047,0.042,0.043,0.042,0.112,0.793,0.3,0.071,0,0,0.032,0.224,0,0,0,0,0,0,0,0,0,0.021,0.019,0,0,0,0,0,0,0,0.006,0,0,0,0.079,0.015,0.008,0.272,0.45,0.001,0,0,0,0,0,0.024,0.107,0.157,0.048,0.033,0.044,0.064,0.205,0.588,0.297,0.08,0.093,0.555,1.13,0.521,0.203,0.094,0.085,0.098,0.09,0.092,0.081,0.655,0.073,0.044,0.049,0.055,0.039,0.053,0.087,A,,,20220402091729
300,20220402,0.08,0.058,0.057,0.044,0.05,0.05,0.035,0.049,0.569,0.055,0.034,0.058,0.036,0.047,0.048,0.044,0.047,0.035,0.063,0.034,0.047,0.041,0.047,0.045,0.022,0.024,0,0,0,0.081,0.379,0,0,0.172,0.007,0.008,0.073,0.016,0,0,0.001,0.002,0.077,0,0,0,0,0.066,0.025,0.009,0.295,0.025,0.014,0,0,0.033,0.478,0.095,0.391,0.491,0.3,0.034,0.016,0,0,0.002,0.002,0.064,0.127,0.18,0.828,0.928,0.197,0.195,0.126,0.059,0.086,0.077,0.059,0.305,0.541,0.087,0.109,0.151,0.898,0.449,0.083,0.066,0.443,0.357,0.063,0.078,0.061,0.068,0.08,0.059,A,,,20220405054658
300,20220403,0.066,0.08,0.056,0.38,0.267,0.069,0.073,0.053,0.072,0.067,0.055,0.075,0.065,0.059,0.072,0.055,0.07,0.063,0.057,0.082,0.052,0.063,0.337,0.404,0.124,0.06,0.116,0.072,0.351,0.224,0.003,0.012,0,0.093,0.214,0.059,0,0,0,0,0.095,0.012,0.023,0.002,0,0,0,0,0.001,0,0,0,0,0,0,0.199,0.22,0.304,0.676,0.331,0.371,0.451,0.718,0.383,0.325,0.565,0.685,1.22,0.677,0.668,0.61,0.458,0.887,0.56,1.214,0.275,0.054,0.063,0.105,0.51,0.515,0.441,0.641,1.033,1.065,0.464,0.081,0.078,0.065,0.06,0.088,0.069,0.04,0.185,0.491,0.049,A,,,20220404140604
300,20220404,0.057,0.055,0.037,0.062,0.059,0.042,0.062,0.047,0.046,0.06,0.04,0.062,0.049,0.054,0.051,0.042,0.06,0.048,0.215,0.409,0.045,0.068,0.072,0.169,0.09,0.113,0.613,0.779,0.205,0.047,0,0.055,0.851,0.264,0,0.006,0.001,0.007,0,0.027,0.271,0,0.027,0,0,0,0,0,0,0,0.306,0.548,0.012,0.517,0.103,0.31,0.021,0.139,0.028,0.002,0.002,0.017,0.065,0.171,0.27,0.481,0.79,0.452,0.324,0.188,0.262,0.236,0.207,0.715,0.633,0.535,0.353,0.589,0.199,0.485,0.404,1.074,0.506,0.527,0.882,0.662,0.758,0.531,0.175,0.315,0.363,0.669,0.095,0.062,0.07,0.059,A,,,20220405140332
300,20220405,0.045,0.055,0.053,0.052,0.055,0.041,0.569,0.05,0.048,0.058,0.043,0.061,0.046,0.047,0.06,0.047,0.048,0.054,0.049,0.052,0.052,0.057,0.284,0.37,0.127,0.095,0.12,0.084,0.039,0.561,0.463,0.186,0.137,0.192,0,0,0,0,0,0,0,0.137,0.03,0,0,0,0,0,0,0.038,0.008,0.014,0.63,0.112,0.28,0.336,0.207,0.209,0.278,0.329,0.185,0.522,0.124,0.158,0.22,0.342,0.438,0.463,0.28,0.186,0.302,0.372,0.196,0.461,0.629,0.31,0.069,0.049,0.393,0.804,1.143,0.553,0.521,1.037,0.789,0.218,0.223,0.196,0.185,0.141,0.067,0.073,0.206,0.417,0.045,0.069,A,,,20220406140333
300,20220406,0.041,0.057,0.04,0.058,0.039,0.048,0.046,0.051,0.047,0.042,0.056,0.041,0.051,0.038,0.059,0.272,0.346,0.033,0.063,0.033,0.055,0.04,0.053,0.03,0.15,0.032,0.018,0.045,0.06,0.004,0.466,0.369,0,0.555,0.319,0,0,0.158,0.089,0,0,0.043,0.061,0.335,0.362,0.135,0.039,0.029,0,0.163,0,0.177,0.515,0.068,0.298,0.42,0.02,0.021,0.052,0.008,0.034,0.048,0.318,0.06,0.104,0.095,0.18,0.165,0.276,0.206,0.201,0.626,0.834,0.58,0.524,0.379,0.138,0.476,0.259,0.108,0.186,0.113,0.087,0.426,0.927,0.91,0.608,0.366,0.184,0.199,0.177,0.081,0.47,0.265,0.078,0.061,A,,,20220407141158
300,20220407,0.054,0.045,0.071,0.046,0.047,0.067,0.038,0.055,0.046,0.052,0.058,0.288,0.312,0.044,0.052,0.057,0.042,0.06,0.037,0.062,0.043,0.049,0.053,0.045,0.049,0.154,0.052,0.229,0.339,0.009,0.068,0.26,0.26,0.025,0.212,0.193,0,0.002,0,0,0.022,0.033,0.002,0.008,0.087,0.009,0.008,0,0.003,0.019,0,0.115,0.004,0.499,0.037,0.242,0.097,0.003,0.003,0,0,0,0,0,0.093,0.124,0.873,1.007,0.533,0.396,0.494,0.92,0.237,0.065,0.054,0.054,0.042,0.04,0.053,0.032,0.342,0.678,0.621,0.467,0.486,1.069,0.175,0.18,0.1,0.058,0.074,0.069,0.063,0.065,0.081,0.563,A,,,20220408062715
300,20220408,0.065,0.043,0.05,0.065,0.037,0.051,0.058,0.038,0.059,0.046,0.047,0.062,0.043,0.046,0.059,0.04,0.05,0.058,0.039,0.055,0.586,0.042,0.059,0.125,0.072,0.031,0.107,0,0.236,0.26,0.028,0,0.151,0.135,0,0.054,0.084,0,0,0,0,0,0,0.002,0,0,0,0,0,0.049,0.466,0.366,0.391,0.768,0.345,0.424,0.171,0,0,0.087,0.008,0,0,0,0,0.014,0.051,0,0.002,0.019,0.079,0.184,0.487,0.084,0.059,0.074,0.364,0.909,0.207,0.665,0.726,0.09,0.127,0.212,0.49,0.602,0.695,0.912,0.264,0.067,0.058,0.08,0.062,0.045,0.062,0.063,A,,,20220414072653
300,20220409,0.043,0.474,0.161,0.042,0.059,0.063,0.043,0.057,0.061,0.036,0.049,0.056,0.036,0.055,0.051,0.037,0.059,0.049,0.04,0.058,0.041,0.044,0.589,0.035,0.033,0.138,0.032,0,0.005,0.058,0.144,0.063,0.046,0.005,0.29,0.135,0.153,0.116,0,0.023,0,0,0,0,0,0,0,0,0,0.007,0,0,0,0,0,0,0,0,0,0,0,0,0,0,0,0,0,0,0,0.016,0.066,0.527,0.04,0.038,0.029,0.043,0.036,0.025,0.052,0.034,0.026,0.049,0.036,0.03,0.048,0.032,0.032,0.047,0.025,0.041,0.043,0.025,0.044,0.04,0.026,0.043,A,,,20220410072246
300,20220410,0.039,0.029,0.041,0.037,0.025,0.049,0.038,0.026,0.049,0.592,0.108,0.049,0.03,0.032,0.048,0.028,0.033,0.047,0.027,0.029,0.05,0.099,0.05,0.048,0.036,0.004,0,0,0,0,0,0,0,0,0,0,0,0,0,0,0,0,0,0,0,0,0,0.139,0,0,0,0,0,0,0.028,0.486,0.168,0.32,0.321,0.15,0.293,0.105,0.035,0.015,0.003,0.409,0.718,0.501,0.041,0.03,0.088,0.171,0.886,0.893,0.896,0.154,0.122,0.153,0.113,0.074,0.743,0.06,0.079,0.073,0.056,0.133,0.077,0.067,0.327,0.158,0.154,0.164,0.582,0.049,0.033,0.038,A,,,20220411150145
300,20220411,0.048,0.029,0.05,0.033,0.042,0.036,0.038,0.044,0.029,0.052,0.031,0.038,0.047,0.03,0.048,0.033,0.037,0.038,0.036,0.044,0.23,0.435,0.03,0.038,0.027,0,0,0.029,0,0,0.09,0.076,0,0,0,0,0,0,0,0,0,0,0,0,0,0,0,0,0,0,0,0,0,0,0,0,0.021,0.041,0.053,0.085,0.01,0.219,0.006,0,0.109,0.289,0.434,0.435,0.163,0.02,0.028,0.052,0.114,0.089,0.102,0.046,0.061,0.059,0.059,0.068,0.086,0.44,1.031,0.153,0.177,0.156,0.049,0.062,0.044,0.545,0.152,0.039,0.048,0.03,0.05,0.032,A,,,20220412083011
300,20220412,0.047,0.041,0.034,0.053,0.03,0.048,0.038,0.038,0.044,0.301,0.243,0.029,0.05,0.035,0.037,0.048,0.03,0.053,0.032,0.042,0.037,0.039,0.046,0.028,0.037,0.005,0.006,0,0.203,0.179,0.002,0,0,0,0,0,0,0,0,0,0,0.023,0.133,0.004,0.003,0.035,0.006,0.001,0,0.05,0,0,0,0,0,0.024,0.43,0.075,0.061,0.005,0,0,0,0,0.01,0.16,0.169,0.071,0.121,0.159,0.179,0.097,0.101,0.108,0.106,0.722,0.294,0.267,0.42,0.068,0.072,0.956,0.314,0.126,0.147,0.705,0.217,0.193,0.099,0.08,0.652,0.05,0.045,0.06,0.032,0.036,A,,,20220413092122
300,20220413,0.053,0.031,0.041,0.043,0.034,0.049,0.034,0.036,0.051,0.025,0.168,0.443,0.041,0.043,0.032,0.05,0.03,0.043,0.039,0.029,0.057,0.028,0.041,0.041,0.03,0.025,0,0,0,0,0.055,0.073,0.006,0,0,0,0,0,0.004,0.005,0.13,0,0.004,0.128,0,0,0,0,0.007,0.019,0,0.119,0.097,0,0,0.014,0,0,0,0,0,0,0,0,0,0.004,0.029,0.039,0.042,0.076,0.115,0.391,0.364,0.077,0.11,0.122,0.119,0.122,0.136,0.1,0.081,0.096,0.094,0.086,0.654,0.073,0.071,0.087,0.083,0.083,0.145,0.65,0.053,0.044,0.037,0.05,A,,,20220414072653
300,20220414,0.644,0.036,0.046,0.033,0.051,0.03,0.046,0.028,0.049,0.039,0.039,0.042,0.04,0.045,0.54,0.055,0.03,0.043,0.038,0.04,0.034,0.044,0.037,0.039,0.053,0.572,0.418,0,0,0.063,0.053,0,0.002,0.02,0,0,0,0,0,0,0,0.002,0.05,0.222,0,0.005,0.001,0,0,0,0,0,0,0.003,0.01,0,0,0.02,0.002,0.001,0,0.015,0,0.007,0.024,0,0,0,0.323,0.245,0.135,0.095,0.286,0.298,0.412,0.233,0.109,0.098,0.794,0.669,0.143,0.455,0.675,0.111,0.078,0.061,0.065,0.068,0.044,0.821,0.615,0.238,0.09,0.816,0.517,0.073,A,,,20220415075947
300,20220415,0.456,0.396,0.053,0.06,0.044,0.066,0.044,0.061,0.049,0.057,0.242,0.37,0.057,0.039,0.062,0.043,0.054,0.05,0.05,0.052,0.045,0.048,0.048,0.052,0.054,0.01,0.466,0.118,0.021,0.012,0.094,0.292,0,0,0,0.015,0,0,0,0,0,0,0.032,0,0,0,0,0,0,0,0,0,0,0.183,0.379,0.003,0.026,0.293,0,0,0,0,0,0,0.028,0.103,0.355,0.221,1.158,0.97,0.58,0.752,0.508,0.634,0.067,0.134,0.059,0.068,0.444,0.319,0.05,0.068,0.045,0.056,0.044,0.029,0.054,0.262,0.314,0.056,0.023,0.044,0.044,0.026,0.053,0.028,A,,,20220416080748
300,20220416,0.04,0.04,0.031,0.045,0.034,0.04,0.037,0.036,0.042,0.334,0.284,0.034,0.042,0.037,0.035,0.044,0.031,0.043,0.035,0.034,0.044,0.031,0.04,0.034,0.036,0.569,0.438,0.428,0.139,0.063,0.581,0,0.029,0.01,0.078,0,0,0,0,0,0,0,0,0,0,0,0,0,0,0,0,0.065,0.02,0,0.011,0,0,0,0,0,0.01,0,0.185,0,0,0.654,0.144,0,0.045,0.583,0.709,0.343,0.742,0.486,0.673,0.927,0.702,0.133,0.451,0.961,0.319,0.152,0.081,0.597,0.67,0.228,0.135,0.741,0.455,0.062,0.04,0.042,0.056,0.045,0.044,0.053,A,,,20220417071217
300,20220417,0.046,0.517,0.052,0.046,0.041,0.054,0.044,0.041,0.058,0.038,0.042,0.053,0.04,0.046,0.05,0.039,0.053,0.041,0.043,0.053,0.039,0.352,0.239,0.046,0.065,0.027,0,0.24,0.814,0.278,0.138,0.025,0.171,0.262,0,0,0,0.014,0.101,0,0,0,0,0.074,0,0.039,0,0.274,0.385,0.283,0.312,0.019,0.171,0,0,0.119,0.001,0,0,0.034,0.012,0.349,1.037,0.223,0,0.057,0.225,0.065,0.015,0.06,0.464,0.25,0.39,0.831,0.205,0.071,0.069,0.072,0.059,0.724,0.597,0.066,0.065,0.363,1.131,0.187,0.12,0.507,0.054,0.058,0.047,0.054,0.037,0.591,0.04,0.043,A,,,20220418082208
300,20220418,0.043,0.039,0.047,0.043,0.039,0.046,0.043,0.039,0.048,0.04,0.046,0.033,0.051,0.039,0.579,0.046,0.037,0.048,0.029,0.057,0.026,0.052,0.036,0.044,0.03,0.013,0.593,0,0.284,0.056,0.025,0.298,0.423,0.037,0,0,0,0,0.001,0,0,0,0,0,0,0.269,0.25,0,0,0,0,0,0,0,0,0,0,0.105,0.276,0.012,0,0,0,0,0,0.489,0.639,0.009,0.072,0.078,0.076,0.459,0.215,0.71,0.316,0.402,0.084,0.086,0.058,0.107,0.105,0.636,0.066,0.141,0.458,0.912,0.899,0.858,0.034,0.057,0.056,0.034,0.051,0.058,0.036,0.261,A,,,20220419170229
300,20220419,0.415,0.482,0.21,0.075,0.412,0.073,0.043,0.042,0.058,0.034,0.051,0.045,0.036,0.061,0.034,0.048,0.049,0.034,0.571,0.076,0.047,0.052,0.032,0.054,0.032,0.102,0.238,0.542,0,0,0.171,0.042,0,0,0,0,0,0,0,0,0,0,0,0.098,0.012,0,0,0,0.003,0,0.056,0.004,0.039,0.001,0,0,0,0,0,0,0,0.005,0,0,0.839,0.221,0.098,0.355,0.33,0.036,0.067,0.066,0.232,0.12,0.073,0.088,0.109,0.096,0.506,0.457,0.069,0.086,0.081,0.489,0.466,0.052,0.049,0.07,0.037,0.045,0.054,0.034,0.052,0.579,0.042,0.05,A,,,20220420140206
300,20220420,0.037,0.051,0.039,0.043,0.05,0.032,0.055,0.037,0.045,0.05,0.034,0.06,0.033,0.047,0.048,0.037,0.053,0.423,0.208,0.044,0.039,0.047,0.041,0.058,0.131,0.129,0.002,0.02,0.475,0.015,0,0,0.047,0,0,0,0,0,0,0,0,0,0,0,0,0,0,0,0,0,0,0,0,0,0.003,0,0,0,0.021,0,0.15,0.054,0,0,0.042,0.235,0.78,0.358,0.153,0.029,0.031,0.057,0.301,0.301,0.12,0.091,0.077,0.111,0.212,0.916,0.559,0.19,0.089,0.068,0.072,0.916,0.839,0.163,0.184,0.158,0.124,0.069,0.045,0.055,0.55,0.143,A,,,20220421100205
300,20220421,0.045,0.043,0.054,0.035,0.057,0.041,0.046,0.052,0.038,0.055,0.042,0.053,0.04,0.053,0.046,0.039,0.468,0.178,0.056,0.041,0.057,0.051,0.129,0.077,0.052,0.024,0.081,0.001,0.029,0.352,0.131,0,0,0,0.001,0,0,0.001,0,0,0,0,0,0,0,0.18,0,0,0,0,0.043,0.012,0.009,0.003,0,0,0,0,0,0,0,0,0,0.035,0.014,0.496,0.025,0.135,0.15,0.173,0.165,0.063,0.053,0.048,0.06,0.042,0.065,0.044,0.06,0.051,0.361,0.516,0.463,0.663,0.048,0.076,0.065,0.042,0.062,0.038,0.595,0.063,0.057,0.043,0.046,0.045,A,,,20220422150517
200,4567890,B1E1,E1,E1,E1,LG04567890,kWh,15,,,,,,,,,,,,,,,,,,,,,,,,,,,,,,,,,,,,,,,,,,,,,,,,,,,,,,,,,,,,,,,,,,,,,,,,,,,,,,,,,,,,,,,,,,,,,
300,20220422,0.04,0.054,0.037,0.057,0.041,0.047,0.051,0.043,0.052,0.043,0.578,0.038,0.059,0.043,0.047,0.054,0.041,0.054,0.042,0.056,0.039,0.056,0.043,0.05,0.049,0.037,0.735,0.495,0.031,0,0.023,0,0.636,0.137,0.163,0.006,0,0,0,0,0,0.022,0,0,0,0,0,0,0,0,0,0,0.008,0.003,0.146,0.093,0,0,0,0,0,0,0,0,0,0,0.049,0.088,0.193,0.427,0.095,0.09,0.087,0.078,0.116,0.113,0.093,0.769,0.077,0.056,0.137,0.578,0.347,0.074,0.16,0.802,0.045,0.042,0.057,0.038,0.057,0.045,0.042,0.219,0.425,0.055,A,,,20220423140231
300,20220423,0.046,0.044,0.052,0.043,0.058,0.037,0.055,0.046,0.04,0.064,0.037,0.054,0.049,0.042,0.058,0.039,0.577,0.044,0.044,0.052,0.041,0.057,0.038,0.056,0.038,0.015,0.02,0.073,0.02,0.007,0.43,0.004,0,0.017,0.01,0,0,0,0,0.036,0,0,0,0.013,0.004,0,0,0,0.097,0.031,0.107,0.046,0,0,0,0.007,0.172,0,0,0.041,0,0.309,0.44,0.532,0.004,0.008,0.002,0.031,0.091,0.664,0.069,0.075,0.084,0.19,0.597,1.017,0.26,0.427,0.501,0.095,0.112,0.923,0.289,0.076,0.068,0.083,0.082,0.067,0.073,0.614,0.042,0.059,0.035,0.043,0.04,0.036,A,,,20220424082525
300,20220424,0.049,0.033,0.052,0.027,0.049,0.033,0.046,0.038,0.035,0.565,0.033,0.047,0.034,0.04,0.034,0.046,0.035,0.048,0.027,0.05,0.028,0.047,0.036,0.038,0.036,0.017,0.005,0,0,0,0.32,0.244,0.07,0,0.041,0.733,0,0,0,0.01,0.183,0,0,0,0,0,0,0,0.056,0.148,0,0,0,0,0,0.002,0,0.024,0.019,0.059,0,0.739,0.051,0,0,0,0,0,0.015,0.064,0.081,0.053,0.519,0.105,0.079,0.386,0.726,0.083,0.133,0.076,0.074,0.058,0.076,0.701,0.476,0.897,0.12,0.064,0.079,0.064,0.035,0.05,0.026,0.048,0.531,0.04,A,,,20220425071436
300,20220425,0.036,0.045,0.033,0.044,0.029,0.049,0.031,0.043,0.036,0.029,0.052,0.036,0.034,0.04,0.037,0.033,0.509,0.027,0.042,0.032,0.049,0.032,0.035,0.042,0.044,0.034,0.099,0.096,0.54,0.085,0,0,0,0,0,0.076,0.067,0,0,0.011,0.034,0.051,0.556,0.056,0,0,0.118,0.029,0,0,0.001,0.042,0,0.156,0,0,0.064,0.084,0,0,0,0,0,0.001,0.532,0.004,0.05,0.076,0.088,0.191,0.083,0.07,0.085,0.169,0.239,0.904,0.644,1.096,0.739,0.24,0.212,0.547,0.306,0.942,0.954,0.117,0.063,0.054,0.035,0.046,0.048,0.626,0.051,0.057,0.037,0.033,A,,,20220506150124
300,20220426,0.058,0.034,0.039,0.056,0.028,0.048,0.049,0.033,0.046,0.045,0.549,0.077,0.047,0.035,0.047,0.048,0.035,0.043,0.047,0.033,0.047,0.049,0.036,0.155,0.062,0.205,0.482,0.037,0.092,0,0,0.545,0.03,0.274,0.123,0,0,0,0.168,0.069,0,0,0.004,0.034,0,0,0,0,0,0,0.358,0.042,0.021,0,0,0,0,0,0,0,0,0,0,0.382,0,0.016,0.038,0.048,0.048,0.059,0.044,0.41,0.389,0.444,0.82,0.087,0.083,0.184,0.583,1.093,0.68,0.201,0.537,0.089,0.803,0.214,0.067,0.073,0.854,0.126,0.053,0.035,0.04,0.046,0.035,0.037,A,,,20220427150142
300,20220427,0.163,0.464,0.041,0.048,0.032,0.04,0.052,0.03,0.035,0.055,0.03,0.035,0.052,0.03,0.04,0.047,0.028,0.044,0.561,0.029,0.043,0.047,0.031,0.039,0.044,0.033,0.139,0.032,0.142,0.354,0,0,0.004,0.11,0.001,0,0,0,0,0,0,0,0,0,0,0,0,0,0,0.162,0,0,0,0,0,0,0,0.008,0,0,0,0,0,0,0,0,0.005,0.181,0.385,0.11,0.08,0.493,0.66,0.16,0.08,0.088,0.085,0.588,0.488,0.073,0.067,0.088,0.09,0.088,0.127,0.825,0.363,0.058,0.046,0.042,0.058,0.042,0.179,0.541,0.041,0.058,A,,,20220506150124
300,20220428,0.039,0.05,0.049,0.038,0.056,0.041,0.044,0.052,0.035,0.057,0.044,0.039,0.063,0.574,0.051,0.046,0.037,0.061,0.035,0.046,0.058,0.032,0.054,0.038,0.064,0.158,0.018,0.066,0.631,0,0.4,0.062,0.029,0.207,0.001,0,0,0,0.012,0,0,0,0,0,0,0,0,0,0,0,0,0,0,0.033,0,0,0,0,0,0.123,0.288,0.073,0.001,0.004,0.07,0.116,0.132,0.165,0.68,0.106,0.104,0.122,0.125,0.097,0.306,0.486,0.086,0.075,0.063,0.754,0.416,0.049,0.077,0.067,0.055,0.081,0.062,0.332,0.335,0.032,0.05,0.044,0.031,0.057,0.037,0.035,A,,,20220430043434
300,20220429,0.054,0.03,0.046,0.04,0.03,0.058,0.032,0.541,0.047,0.032,0.053,0.035,0.034,0.053,0.031,0.048,0.039,0.036,0.047,0.03,0.048,0.036,0.037,0.039,0.033,0.034,0.001,0.021,0.469,0.042,0.007,0,0,0.015,0,0,0,0,0,0,0,0,0.243,0.077,0,0,0,0,0,0.009,0,0.012,0.467,0.003,0,0,0,0.171,0.072,0,0,0.019,0.036,0.13,0.509,0.192,0.035,0.162,0.16,0.125,0.161,0.067,0.123,0.266,0.212,0.088,0.097,0.105,0.149,0.824,1.009,1.058,0.413,0.102,0.317,0.532,1.001,0.354,0.215,0.586,0.263,0.064,0.099,0.037,0.471,0.25,A,,,20220508140317
300,20220430,0.042,0.06,0.043,0.052,0.045,0.044,0.057,0.037,0.059,0.044,0.044,0.056,0.037,0.061,0.04,0.61,0.054,0.041,0.053,0.041,0.056,0.042,0.062,0.137,0.094,0.554,0.454,0.031,0,0,0,0,0,0,0,0,0,0,0,0,0,0,0,0,0,0,0,0,0,0,0,0,0,0,0,0,0,0,0,0,0,0.191,0.106,0,0,0,0,0,0.008,0.048,0.032,0.043,0.032,0.035,0.041,0.025,0.051,0.028,0.037,0.038,0.028,0.044,0.031,0.043,0.032,0.036,0.04,0.027,0.046,0.027,0.04,0.036,0.029,0.05,0.024,0.043,A,,,20220501164600
300,20220501,0.228,0.493,0.044,0.026,0.046,0.031,0.037,0.036,0.029,0.045,0.029,0.039,0.032,0.037,0.041,0.026,0.05,0.026,0.039,0.036,0.027,0.048,0.026,0.04,0.036,0.02,0.014,0,0,0,0,0,0,0,0.313,0.012,0,0,0,0,0,0,0,0,0,0,0,0,0,0,0,0,0,0,0,0,0,0,0,0,0,0,0,0,0,0,0.192,0.496,0.019,0.048,0.03,0.032,0.044,0.024,0.046,0.034,0.034,0.038,0.028,0.046,0.029,0.036,0.036,0.034,0.044,0.025,0.043,0.032,0.034,0.041,0.025,0.049,0.086,0.057,0.054,0.048,A,,,20220502082017
300,20220502,0.031,0.036,0.359,0.447,0.027,0.037,0.04,0.027,0.046,0.025,0.042,0.034,0.034,0.038,0.031,0.043,0.03,0.039,0.029,0.037,0.038,0.026,0.051,0.024,0.041,0.015,0,0,0,0,0,0,0,0,0,0,0,0,0,0,0,0,0,0,0,0,0,0,0,0,0,0,0,0,0,0.007,0.008,0,0,0,0,0,0,0,0.411,0.229,0,0.083,0.084,0.359,0.396,1.069,1.07,1.006,0.904,0.191,0.096,0.132,0.133,0.763,0.178,0.048,0.077,0.064,0.043,0.044,0.14,0.523,0.033,0.043,0.039,0.039,0.054,0.034,0.053,0.039,A,,,20220503072913
300,20220503,0.042,0.049,0.033,0.054,0.037,0.041,0.203,0.433,0.055,0.034,0.044,0.045,0.034,0.05,0.039,0.048,0.04,0.041,0.046,0.038,0.053,0.034,0.043,0.049,0.628,0.06,0.072,0.064,0.037,0.184,0.469,0.006,0,0.189,0.244,0,0,0,0,0,0,0,0,0.078,0,0,0,0,0,0,0,0,0.03,0.097,0.002,0,0,0.274,0,0,0,0,0,0,0,0,0.019,0.027,0.054,0.076,0.465,0.187,0.073,0.224,0.142,0.091,0.062,0.086,0.115,0.723,0.159,0.096,0.094,0.263,0.907,0.213,0.057,0.039,0.05,0.052,0.035,0.054,0.221,0.416,0.057,0.037,A,,,20220504082629
300,20220504,0.049,0.051,0.035,0.049,0.043,0.039,0.054,0.035,0.049,0.048,0.034,0.055,0.039,0.473,0.143,0.033,0.06,0.036,0.043,0.049,0.033,0.055,0.038,0.041,0.065,0.042,0.115,0.498,0.203,0,0,0.293,0.129,0,0,0,0,0,0,0,0.052,0.032,0,0,0,0,0,0,0,0,0,0,0,0.005,0.073,0.469,0,0,0.003,0,0,0,0,0,0,0,0.002,0.04,0.047,0.052,0.044,0.187,0.619,0.187,0.096,0.296,0.408,0.195,0.084,0.828,0.629,0.18,0.086,0.638,0.825,0.562,0.615,0.067,0.076,0.033,0.046,0.049,0.033,0.057,0.62,0.042,A,,,20220505140134
300,20220505,0.049,0.039,0.051,0.037,0.046,0.047,0.035,0.055,0.034,0.049,0.044,0.033,0.059,0.033,0.046,0.571,0.035,0.053,0.038,0.046,0.042,0.041,0.054,0.033,0.05,0.062,0.003,0.162,0.718,0.204,0.007,0.006,0.001,0.289,0,0,0,0,0.012,0,0,0,0.228,0.004,0,0,0.002,0.003,0,0.018,0.038,0,0,0,0.001,0,0,0,0,0,0,0,0.053,0.183,0.035,0.008,0.031,0.488,0.049,0.179,0.836,0.377,0.045,0.06,0.042,0.059,0.048,0.046,0.191,0.463,0.061,0.065,0.11,0.072,0.071,0.05,0.044,0.057,0.038,0.062,0.04,0.05,0.565,0.045,0.053,0.044,A,,,20220508140317
300,20220506,0.059,0.039,0.057,0.044,0.057,0.042,0.048,0.052,0.042,0.052,0.042,0.058,0.038,0.056,0.042,0.045,0.053,0.039,0.055,0.043,0.056,0.037,0.063,0.608,0.054,0.054,0.012,0.057,0.005,0.03,0.545,0.244,0,0.549,0.072,0,0,0,0,0,0,0,0,0.014,0,0,0,0.02,0,0,0,0,0,0,0.025,0.005,0,0,0,0,0,0,0.015,0.022,0.373,0,0.006,0.055,0.081,0.052,0.06,0.06,0.039,0.071,0.312,0.834,0.334,0.13,0.112,0.494,0.178,0.091,0.08,0.643,0.086,0.636,0.431,0.64,0.497,0.068,0.488,0.091,0.053,0.039,0.059,0.043,A,,,20220508042635
300,20220507,0.056,0.556,0.056,0.042,0.046,0.045,0.051,0.047,0.042,0.053,0.04,0.054,0.038,0.056,0.043,0.055,0.036,0.057,0.038,0.053,0.485,0.103,0.052,0.045,0.123,0.048,0.013,0.113,0.534,0.119,0,0.092,0.222,0.297,0,0,0,0.003,0,0,0.061,0.094,0,0,0,0,0,0,0,0,0,0,0,0,0,0,0.289,0.049,0,0,0.021,0.001,0.011,0.109,0.112,0.183,0.194,0.176,0.104,0.103,0.165,0.178,0.168,0.178,0.042,0.038,0.043,0.027,0.045,0.214,0.39,0.038,0.109,0.077,0.042,0.062,0.288,0.879,0.094,0.038,0.048,0.046,0.038,0.051,0.033,0.426,A,,,20220508090133
300,20220508,0.225,0.039,0.046,0.039,0.053,0.036,0.044,0.042,0.038,0.051,0.033,0.051,0.041,0.038,0.052,0.412,0.201,0.037,0.037,0.067,0.093,0.059,0.062,0.048,0.035,0.036,0.013,0.016,0,0.037,0.02,0.003,0.039,0.225,0,0,0,0,0,0.22,0.208,0.338,0.096,0,0,0,0,0,0.023,0,0,0,0,0,0,0,0,0,0,0,0,0,0.049,0.014,0.067,0.461,0,0.005,0.035,0.081,0.095,0.574,0.89,1.047,0.57,0.093,0.125,0.167,0.298,0.475,0.083,0.083,0.66,0.183,0.076,0.092,0.098,0.077,0.063,0.334,0.291,0.039,0.054,0.045,0.04,0.056,A,,,20220509121923
300,20220509,0.043,0.039,0.055,0.102,0.065,0.058,0.061,0.427,0.141,0.051,0.032,0.057,0.037,0.043,0.054,0.033,0.055,0.038,0.039,0.056,0.033,0.05,0.047,0.058,0.077,0.052,0.732,0.156,0.039,0.544,0.164,0.063,0,0,0,0.034,0.298,0.302,0.098,0.318,0.25,0.124,0.299,0.372,0.045,0.019,0.002,0,0,0,0.181,0.253,0,0,0,0.042,0.012,0,0,0,0,0,0,0,0,0.001,0.042,0.05,0.06,0.101,0.306,0.843,0.228,0.075,0.191,0.108,0.113,0.738,0.311,0.435,0.814,0.169,1.105,0.447,0.216,0.196,0.155,0.061,0.046,0.074,0.616,0.037,0.046,0.028,0.043,0.03,A,,,20220510140310
300,20220510,0.05,0.042,0.031,0.038,0.036,0.05,0.034,0.033,0.041,0.443,0.171,0.034,0.04,0.029,0.051,0.04,0.028,0.052,0.033,0.036,0.055,0.032,0.049,0.034,0.042,0.201,0.177,0.121,0.546,0,0.26,0.691,0.343,0.034,0.111,0.062,0,0,0.249,0.247,0,0,0,0,0,0,0,0.049,0,0,0.09,0,0.005,0,0,0,0,0,0.013,0,0,0,0.257,0.193,0,0.02,0.033,0.043,0.076,0.057,0.101,0.114,0.108,0.085,0.59,0.084,0.094,0.118,0.113,0.099,0.856,0.184,0.064,0.173,0.223,1.006,0.552,0.199,0.221,0.144,0.057,0.053,0.04,0.493,0.182,0.082,A,,,20220511105440
300,20220511,0.046,0.03,0.052,0.038,0.032,0.057,0.03,0.041,0.054,0.102,0.056,0.053,0.053,0.212,0.4,0.039,0.051,0.032,0.043,0.038,0.036,0.048,0.032,0.043,0.033,0.066,0.065,0.211,0.581,0.058,0.054,0.868,0.53,0.078,0.403,0.195,0.058,0,0.004,0.122,0.339,0.027,0.064,0,0,0.003,0,0.015,0.141,0.043,0.015,0.009,0.022,0.429,0.177,0.139,0.036,0.061,0.068,0,0.078,0,0.003,0.016,0.024,0.518,0.032,0.041,0.05,0.042,0.031,0.041,0.101,0.146,0.069,0.32,0.646,0.105,0.09,0.105,0.075,0.057,0.08,0.056,0.551,0.165,0.519,0.633,0.059,0.062,0.073,0.051,0.049,0.035,0.618,0.057,A,,,20220512150216
300,20220512,0.031,0.047,0.04,0.036,0.05,0.031,0.045,0.04,0.035,0.046,0.034,0.044,0.04,0.335,0.272,0.109,0.05,0.059,0.052,0.033,0.042,0.034,0.056,0.029,0.042,0.041,0.028,0.107,0.009,0.265,0.281,0,0,0,0,0,0,0,0,0,0,0,0.024,0.003,0.135,0.354,0.248,0.137,0.047,0,0,0.071,0,0,0.03,0.037,0.02,0,0,0,0,0.082,0,0.007,0.003,0.013,0.29,0.351,0.068,0.145,0.172,0.132,0.067,0.127,0.074,0.052,0.067,0.201,0.537,0.075,0.27,0.587,0.075,0.05,0.071,0.057,0.052,0.07,0.289,0.9,0.127,0.047,0.051,0.03,0.05,0.034,A,,,20220513150939
300,20220513,0.038,0.258,0.396,0.055,0.03,0.039,0.046,0.029,0.05,0.035,0.041,0.038,0.037,0.047,0.032,0.048,0.036,0.041,0.319,0.317,0.052,0.034,0.039,0.045,0.028,0.056,0.11,0.071,0.061,0.095,0.67,0.013,0,0,0.402,0.671,0.162,0.046,0.698,0.087,0.03,0.009,0,0,0,0.023,0.007,0,0,0.036,0.085,0.246,0.29,0.031,0.155,0.026,0,0,0,0,0,0,0,0,0.028,0.03,0.059,0.053,0.08,0.036,0.121,0.195,0.3,0.233,0.278,0.705,0.188,0.069,0.052,0.428,0.707,0.06,0.05,0.063,0.134,0.985,0.51,0.221,0.22,0.173,0.091,0.07,0.081,0.492,0.184,0.045,A,,,20220514075426
300,20220514,0.032,0.053,0.043,0.046,0.044,0.039,0.051,0.036,0.051,0.035,0.049,0.04,0.477,0.148,0.032,0.052,0.035,0.046,0.037,0.046,0.041,0.035,0.051,0.029,0.054,0.031,0.035,0.03,0.006,0.001,0.017,0.014,0.383,0.028,0,0,0.272,0.137,0,0,0,0,0,0,0,0.422,0,0,0,0,0,0,0,0,0.001,0,0,0,0,0.116,0.005,0.023,0.607,0.389,0.165,0.02,0.081,0.458,0.098,0.096,0.078,0.139,0.223,0.244,0.257,0.259,0.089,0.102,0.413,0.884,0.695,0.472,0.113,0.167,0.765,0.238,1.198,1.492,0.881,0.228,0.242,0.193,0.078,0.077,0.083,0.391,A,,,20220515101228
300,20220515,0.274,0.059,0.047,0.047,0.056,0.041,0.053,0.048,0.044,0.059,0.041,0.05,0.056,0.037,0.599,0.049,0.038,0.064,0.041,0.044,0.062,0.036,0.052,0.052,0.039,0.057,0.041,0.031,0.006,0.006,0,0.004,0.078,0.037,0,0.315,0.087,0,0,0,0,0,0,0,0.198,0,0,0,0,0.001,0.503,0.794,0.444,0.501,0.376,0.75,1.037,0.351,0.008,0,0.048,0.286,0.44,0.302,0.118,0.439,0.896,0.374,0.608,1.107,0.308,0.21,0.229,0.944,0.304,0.218,0.218,0.639,0.855,0.257,0.223,0.435,0.261,0.226,0.184,0.532,0.472,0.201,0.082,0.076,0.056,0.07,0.156,0.153,0.139,0.075,A,,,20220516080949
300,20220516,0.056,0.077,0.064,0.058,0.079,0.041,0.054,0.525,0.059,0.065,0.041,0.048,0.06,0.038,0.056,0.051,0.041,0.06,0.044,0.049,0.052,0.043,0.057,0.041,0.051,0.053,0.038,0.121,0.094,0.6,0,0,0.005,0.055,0.214,0.022,0,0,0,0,0,0,0.128,0.092,0,0,0,0.061,0.309,0.268,0,0,0,0,0.002,0.042,0.065,0.159,0.169,0.298,0.831,0.12,0.002,0,0.034,0.126,0.004,0.035,0.048,0.078,0.058,0.137,0.211,0.086,0.068,0.1,0.162,0.429,0.345,0.118,0.082,0.113,0.223,0.356,1.135,0.528,0.221,0.125,0.1,0.084,0.086,0.1,0.658,0.077,0.078,0.085,A,,,20220517140354
300,20220517,0.098,0.066,0.061,0.046,0.065,0.05,0.057,0.746,0.168,0.051,0.106,0.058,0.055,0.054,0.039,0.046,0.623,0.047,0.041,0.034,0.062,0.033,0.051,0.041,0.038,0.044,0.041,0.054,0.449,0.157,0.01,0.554,0.038,0.231,0.099,0.03,0.182,0.065,0,0,0,0.024,0.011,0,0,0,0.003,0.025,0,0,0,0.003,0,0,0.184,0.6,0.08,0,0.006,0.008,0,0,0,0,0.031,0.018,0.02,0.128,0.531,0.085,0.096,0.133,0.984,0.125,0.134,0.132,0.111,0.199,0.131,0.432,0.453,0.422,0.631,0.916,0.425,1.057,0.056,0.053,0.043,0.06,0.1,0.082,0.061,0.064,0.597,0.05,A,,,20220518071301
300,20220518,0.051,0.048,0.057,0.039,0.065,0.039,0.052,0.048,0.051,0.046,0.048,0.053,0.036,0.065,0.036,0.054,0.046,0.579,0.043,0.052,0.045,0.051,0.054,0.042,0.099,0.318,0.925,0.908,0.374,0.026,0.038,0.002,0.334,0.25,0,0,0,0,0,0,0,0,0,0,0.096,0.002,0.019,0,0,0.047,0.239,0.042,0,0.093,0.242,0,0,0.362,0,0,0.045,0.018,0.001,0.046,0,0.071,0.137,0.057,0.216,0.1,0.099,0.076,0.082,0.082,0.647,0.092,0.211,0.081,0.681,0.188,0.09,0.053,0.07,0.51,0.875,0.069,0.051,0.038,0.056,0.046,0.042,0.057,0.037,0.592,0.052,0.036,A,,,20220519091100
900,,,,,,,,,,,,,,,,,,,,,,,,,,,,,,,,,,,,,,,,,,,,,,,,,,,,,,,,,,,,,,,,,,,,,,,,,,,,,,,,,,,,,,,,,,,,,,,,,,,,,